Workbook
Name Black: 코드목록!$A$32:$A$39
Name Blue: 코드목록!$A$17:$A$23
Name Green: 코드목록!$A$16
Name Pink: 코드목록!$A$2:$A$3
Name Red: 코드목록!$A$4:$A$8
Name White: 코드목록!$A$24:$A$31
Name Yellow: 코드목록!$A$9:$A$15

Sheet Dashboard
A1: 액상 잉크 Lot 추적 관리 시스템
A4: 📊 시트 구성
A5: • Spec_Binder: Binder 사양 기준 (PBHAv1.0, SBCT, SCRA)
A6: • Spec_Single_HEMA: HEMA 단일색 잉크 점도 기준 (21종)
A7: • Spec_Single_Silicone: Silicone 단일색 잉크 점도 기준 (18종)
A8: • 기준LAB: 착색력 기준 L*a*b* 값
A9: • 단일색_착색력: 착색력 측정 및 ΔE 자동 계산
A10: • 단일색_수입검사: 단일색 잉크 입고 검사 (Lot 자동생성, 판정 자동)
A11: • 바인더_제조_입고: Binder 제조/입고 관리 (Lot 자동, 판정 자동)
A12: • Lot규칙_단일색: Lot 번호 부여 규칙
A14: ✅ 자동화 기능
A15: • Lot 번호 자동 생성 (날짜 기반)
... A18: • Binder 추적 (단일색 잉크 → 사용 Binder Lot)

Sheet Spec_Binder
A1: 바인더명 | B1: 시험항목 | C1: 시험조건 | D1: 기준값 | E1: 하한 | F1: 상한 | G1: 비고 | H1: Lot부여규칙
A2: PBHAv1.0 | B2: UV 흡광도 | C2: 405 nm | D2: ≤ 0.40 | F2: 0.4 | G2: HEMA용, 외주(SM Tech) | H2: PCB+YYYYMMDD-##
A3: PBHAv1.0 | B3: 점도(cP) | C3: 25 °C | D3: 410 ± 50 | E3: 360 | F3: 460 | G3: Brookfield 기준 | H3: PCB+YYYYMMDD-##
A4: PBHBv1.0 | B4: UV 흡광도 | C4: 405 nm | D4: ≤ 0.10 | F4: 0.1 | G4: HEMA용, 내부/신규 | H4: BIH+YYYYMMDD-##
A5: PBHBv1.0 | B5: 점도(cP) | C5: 25 °C | D5: 320 ± 80 | E5: =320-80 -> 240 | F5: 400 | G5: Brookfield 기준 | H5: BIH+YYYYMMDD-##
A6: SBCT | B6: 점도(cP) | C6: 25 °C | D6: 170~220 | E6: 170 | F6: 220 | G6: Silicone Binder 1 | H6: SBCT+YYYYMMDD
A7: SCRA | B7: 점도(cP) | C7: 25 °C | D7: 50~70 | E7: 50 | F7: 70 | G7: Silicone Binder 2,3 | H7: SCRA+YYYYMMDD

Sheet Spec_Single_H&S
A1: 색상군 | B1: 제품코드 | C1: 점도기준(cP) | D1: 허용편차(±) | E1: 하한 | F1: 상한 | G1: BinderType
A2: Black | B2: PL-835-1 | C2: 75000 | D2: 15000 | E2: 60000 | F2: 90000 | G2: PBHAv1.0
A3: Black | B3: PL-835-1(H) | C3: 75000 | D3: 15000 | E3: 60000 | F3: 90000 | G3: PBHAv1.0
A4: Black | B4: PL-850 | C4: 75000 | D4: 15000 | E4: 60000 | F4: 90000 | G4: PBHAv1.0
A5: White | B5: PL-700-2 | C5: 19000 | D5: 5000 | E5: 14000 | F5: 24000 | G5: PBHAv1.0
A6: White | B6: PL-735 | C6: 16000 | D6: 5000 | E6: 11000 | F6: 21000 | G6: PBHAv1.0
A7: White | B7: NPL-700-2 | C7: 19000 | D7: 5000 | E7: 14000 | F7: 24000 | G7: PBHBv1.0
A8: White | B8: NPL-735 | C8: 16000 | D8: 5000 | E8: 11000 | F8: 21000 | G8: PBHBv1.0
A9: Blue | B9: PL-550 | C9: 35000 | D9: 5000 | E9: 30000 | F9: 40000 | G9: PBHAv1.0
A10: Blue | B10: PL-580 | C10: 63000 | D10: 10000 | E10: 53000 | F10: 73000 | G10: PBHAv1.0
A11: Blue | B11: PL-580-2 | C11: 63000 | D11: 10000 | E11: 53000 | F11: 73000 | G11: PBHAv1.0
A12: Blue | B12: PL-580-2(H) | C12: 63000 | D12: 10000 | E12: 53000 | F12: 73000 | G12: PBHAv1.0
A13: Blue | B13: NPL-580-2 | C13: 63000 | D13: 10000 | E13: 53000 | F13: 73000 | G13: PBHBv1.0
... A41: Red | B41: NSL-150 | C41: 36000 | D41: 5000 | E41: 31000 | F41: 41000 | G41: SCRA

Sheet 기준LAB
A1: 제품코드 | B1: 기준_L* | C1: 기준_a* | D1: 기준_b* | E1: 기준출처

Sheet 코드목록
A1: 제품코드
A2: PL-135
A3: NPL-135
A4: PL-150-2
A5: NPL-150-2
A6: SL-150
A7: SL-150-1
A8: NSL-150
A9: PL-345-2
A10: PL-345-3
A11: NPL-345-2
A12: NPL-345-3
... A39: NSL-850

Sheet Lot규칙_단일색
A1: 설명 | B1: 값
A2: 형식 | B2: PL/NPL + (색상코드) + YYMMDD + 2자리 일련번호
A3: 색상→코드 매핑 | B3: Black=B, White=W, Blue=U, Green=G, Yellow=Y, Red=R, Pink=P
A4: 예시(PL-835-1, Black, 2025-04-15) | B4: PLB25041501
A5: 예시(NPL-835-1, Black, 2025-04-15) | B5: NPLB25041501
A6: Silicone 형식 | B6: SL + (색상코드: B/W/U/G/Y/R/P) + YYMMDD + 2자리 일련번호
A7: 예시(SL-850, Black, 2025-10-24) | B7: SLB25102401
A8: 예시(SL-700, White, 2025-10-24) | B8: SLW25102401
A9: 예시(SL-550, Blue, 2025-10-24) | B9: SLU25102401

Sheet Binder_Visc
A1: 바인더명 | B1: 점도하한 | C1: 점도상한 | D1: UV상한
A2: PBHAv1.0 | B2: 360 | C2: 460 | D2: 0.4
A3: PBHBv1.0 | B3: 240 | C3: 400 | D3: 0.1
A4: SBCT | B4: 170 | C4: 220
A5: SCRA | B5: 50 | C5: 70

Sheet README
A1: 항목 | B1: 내용
A2: 파일 목적 | B2: 액상 잉크 Lot 추적 및 Spec 기준/측정 기록 관리 (Binder→단일색 잉크 중심)
A3: HEMA 바인더 매핑 | B3: PL- 계열 → PBHAv1.0, NPL- 계열 → PBHBv1.0
A4: HEMA 단일색 Lot 규칙 | B4: Lot규칙_단일색 시트 참조. 단일색_수입검사에 'Lot(제안)' 자동 생성 열 제공.
A5: Binder Spec | B5: PBHAv1.0 UV≤0.40, 점도 410±50; SBCT 170~220; SCRA 50~70 (25°C)
A6: Silicone 잉크 구분 | B6: Silicone Ink 1=SBCT 기반, Silicone Ink 3=SCRA 기반. Spec_Single_Silicone의 BinderType 컬럼에서 설정.
A7: 자동화 포인트 | B7: 단일색_수입검사: 제품코드→점도 하한/상한 자동 조회·판정. 단일색_착색력: ΔE 계산. 바인더_제조_입고: Lot 자동.
A9: 수정 이력
A10: Binder_Visc 시트에 UV상한 컬럼 추가. 바인더_제조_입고 F열 판정 수식 완전 재작성 (단순화).

Sheet 바인더_제조_입고
A1: 제조/입고일 | B1: 바인더명 | C1: Lot(자동) | D1: 점도(cP) | E1: UV흡광도(선택) | F1: 판정 | G1: 비고
A2: 45880 | B2: PBHAv1.0 | C2: =IF(B2="PBHAv1.0","PCB"&TEXT(A2,"yyyymmdd")&"-01",IF(B2="SBCT","SBCT"&TEXT(A2,"yyyymmdd"),IF(B2="SCRA","SCRA"&TEXT(A2,"yyyymmdd"),""))) -> PCB20250811-01 | D2: =(423.6+415.8+415.8)/3 -> 418.4 | E2: 0.028093 | F2: =IF(ISBLANK(B2),"",IF(B2="PBHAv1.0",IF(OR(ISBLANK(D2),ISBLANK(E2)),"",IF(AND(D2>=360,D2<=460,E2<=0.4),"적합","부적합")),IF(ISBLANK(B2),"",IF(B2="PBHBv1.0",IF(OR(ISBLANK(D2),ISBLANK(E2)),"",IF(AND(D2>=240,D2<=400,E2<=0.1),"적합","부적합")),IF(ISBLANK(D2),"",IF(B2="SBCT",IF(AND(D2>=170,D2<=220),"적합","부적합"),IF(B2="SCRA",IF(AND(D2>=50,D2<=70),"적합","부적합"),""))))))) -> 적합
A3: 45887 | B3: PBHBv1.0 | C3: =IF(B3="PBHAv1.0","PCB"&TEXT(A3,"yyyymmdd")&"-01",IF(B3="PBHBv1.0","NPCB"&TEXT(A3,"yyyymmdd")&"-01",IF(B3="SBCT","SBCT"&TEXT(A3,"yyyymmdd"),IF(B3="SCRA","SCRA"&TEXT(A3,"yyyymmdd"),"")))) -> NPCB20250818-01 | D3: =(261.6+265.2+265.8)/3 -> 264.2 | E3: 0.003852 | F3: =IF(ISBLANK(B3),"",IF(B3="PBHAv1.0",IF(OR(ISBLANK(D3),ISBLANK(E3)),"",IF(AND(D3>=360,D3<=460,E3<=0.4),"적합","부적합")),IF(ISBLANK(B3),"",IF(B3="PBHBv1.0",IF(OR(ISBLANK(D3),ISBLANK(E3)),"",IF(AND(D3>=240,D3<=400,E3<=0.1),"적합","부적합")),IF(ISBLANK(D3),"",IF(B3="SBCT",IF(AND(D3>=170,D3<=220),"적합","부적합"),IF(B3="SCRA",IF(AND(D3>=50,D3<=70),"적합","부적합"),""))))))) -> 적합
A4: 45887 | B4: PBHAv1.0 | C4: =IF(B4="PBHAv1.0","PCB"&TEXT(A4,"yyyymmdd")&"-01",IF(B4="PBHBv1.0","BIH"&TEXT(A4,"yyyymmdd")&"-01",IF(B4="SBCT","SBCT"&TEXT(A4,"yyyymmdd"),IF(B4="SCRA","SCRA"&TEXT(A4,"yyyymmdd"),"")))) -> PCB20250818-01 | D4: 410.4 | E4: 0.018726 | F4: =IF(ISBLANK(B4),"",IF(B4="PBHAv1.0",IF(OR(ISBLANK(D4),ISBLANK(E4)),"",IF(AND(D4>=360,D4<=460,E4<=0.4),"적합","부적합")),IF(ISBLANK(B4),"",IF(B4="PBHBv1.0",IF(OR(ISBLANK(D4),ISBLANK(E4)),"",IF(AND(D4>=240,D4<=400,E4<=0.1),"적합","부적합")),IF(ISBLANK(D4),"",IF(B4="SBCT",IF(AND(D4>=170,D4<=220),"적합","부적합"),IF(B4="SCRA",IF(AND(D4>=50,D4<=70),"적합","부적합"),""))))))) -> 적합
A5: 45894 | B5: PBHAv1.0 | C5: =IF(B5="PBHAv1.0","PCB"&TEXT(A5,"yyyymmdd")&"-01",IF(B5="PBHBv1.0","BIH"&TEXT(A5,"yyyymmdd")&"-01",IF(B5="SBCT","SBCT"&TEXT(A5,"yyyymmdd"),IF(B5="SCRA","SCRA"&TEXT(A5,"yyyymmdd"),"")))) -> PCB20250825-01 | D5: =(433.8+432.6+432)/3 -> 432.8 | E5: 0.021492 | F5: =IF(ISBLANK(B5),"",IF(B5="PBHAv1.0",IF(OR(ISBLANK(D5),ISBLANK(E5)),"",IF(AND(D5>=360,D5<=460,E5<=0.4),"적합","부적합")),IF(ISBLANK(B5),"",IF(B5="PBHBv1.0",IF(OR(ISBLANK(D5),ISBLANK(E5)),"",IF(AND(D5>=240,D5<=400,E5<=0.1),"적합","부적합")),IF(ISBLANK(D5),"",IF(B5="SBCT",IF(AND(D5>=170,D5<=220),"적합","부적합"),IF(B5="SCRA",IF(AND(D5>=50,D5<=70),"적합","부적합"),""))))))) -> 적합
A6: 45894 | B6: PBHAv1.0 | C6: =IF(B6="PBHAv1.0","PCB"&TEXT(A6,"yyyymmdd")&"-01",IF(B6="PBHBv1.0","BIH"&TEXT(A6,"yyyymmdd")&"-01",IF(B6="SBCT","SBCT"&TEXT(A6,"yyyymmdd"),IF(B6="SCRA","SCRA"&TEXT(A6,"yyyymmdd"),"")))) -> PCB20250825-01 | D6: =(434.4+433.2+433.2)/3 -> 433.6 | E6: 0.018332 | F6: =IF(ISBLANK(B6),"",IF(B6="PBHAv1.0",IF(OR(ISBLANK(D6),ISBLANK(E6)),"",IF(AND(D6>=360,D6<=460,E6<=0.4),"적합","부적합")),IF(ISBLANK(B6),"",IF(B6="PBHBv1.0",IF(OR(ISBLANK(D6),ISBLANK(E6)),"",IF(AND(D6>=240,D6<=400,E6<=0.1),"적합","부적합")),IF(ISBLANK(D6),"",IF(B6="SBCT",IF(AND(D6>=170,D6<=220),"적합","부적합"),IF(B6="SCRA",IF(AND(D6>=50,D6<=70),"적합","부적합"),""))))))) -> 적합
A7: 45897 | B7: PBHAv1.0 | C7: =IF(B7="PBHAv1.0","PCB"&TEXT(A7,"yyyymmdd")&"-01",IF(B7="PBHBv1.0","BIH"&TEXT(A7,"yyyymmdd")&"-01",IF(B7="SBCT","SBCT"&TEXT(A7,"yyyymmdd"),IF(B7="SCRA","SCRA"&TEXT(A7,"yyyymmdd"),"")))) -> PCB20250828-01 | D7: 385.8 | E7: 0.015824 | F7: =IF(ISBLANK(B7),"",IF(B7="PBHAv1.0",IF(OR(ISBLANK(D7),ISBLANK(E7)),"",IF(AND(D7>=360,D7<=460,E7<=0.4),"적합","부적합")),IF(ISBLANK(B7),"",IF(B7="PBHBv1.0",IF(OR(ISBLANK(D7),ISBLANK(E7)),"",IF(AND(D7>=240,D7<=400,E7<=0.1),"적합","부적합")),IF(ISBLANK(D7),"",IF(B7="SBCT",IF(AND(D7>=170,D7<=220),"적합","부적합"),IF(B7="SCRA",IF(AND(D7>=50,D7<=70),"적합","부적합"),""))))))) -> 적합
A8: 45897 | B8: PBHAv1.0 | C8: =IF(B8="PBHAv1.0","PCB"&TEXT(A8,"yyyymmdd")&"-01",IF(B8="PBHBv1.0","BIH"&TEXT(A8,"yyyymmdd")&"-01",IF(B8="SBCT","SBCT"&TEXT(A8,"yyyymmdd"),IF(B8="SCRA","SCRA"&TEXT(A8,"yyyymmdd"),"")))) -> PCB20250828-01 | D8: 390 | E8: 0.017604 | F8: =IF(ISBLANK(B8),"",IF(B8="PBHAv1.0",IF(OR(ISBLANK(D8),ISBLANK(E8)),"",IF(AND(D8>=360,D8<=460,E8<=0.4),"적합","부적합")),IF(ISBLANK(B8),"",IF(B8="PBHBv1.0",IF(OR(ISBLANK(D8),ISBLANK(E8)),"",IF(AND(D8>=240,D8<=400,E8<=0.1),"적합","부적합")),IF(ISBLANK(D8),"",IF(B8="SBCT",IF(AND(D8>=170,D8<=220),"적합","부적합"),IF(B8="SCRA",IF(AND(D8>=50,D8<=70),"적합","부적합"),""))))))) -> 적합
A9: 45898 | B9: PBHAv1.0 | C9: =IF(B9="PBHAv1.0","PCB"&TEXT(A9,"yyyymmdd")&"-01",IF(B9="PBHBv1.0","BIH"&TEXT(A9,"yyyymmdd")&"-01",IF(B9="SBCT","SBCT"&TEXT(A9,"yyyymmdd"),IF(B9="SCRA","SCRA"&TEXT(A9,"yyyymmdd"),"")))) -> PCB20250829-01 | D9: 409.2 | E9: 0.0159 | F9: =IF(ISBLANK(B9),"",IF(B9="PBHAv1.0",IF(OR(ISBLANK(D9),ISBLANK(E9)),"",IF(AND(D9>=360,D9<=460,E9<=0.4),"적합","부적합")),IF(ISBLANK(B9),"",IF(B9="PBHBv1.0",IF(OR(ISBLANK(D9),ISBLANK(E9)),"",IF(AND(D9>=240,D9<=400,E9<=0.1),"적합","부적합")),IF(ISBLANK(D9),"",IF(B9="SBCT",IF(AND(D9>=170,D9<=220),"적합","부적합"),IF(B9="SCRA",IF(AND(D9>=50,D9<=70),"적합","부적합"),""))))))) -> 적합
A10: 45901 | B10: PBHBv1.0 | C10: =IF(B10="PBHAv1.0","PCB"&TEXT(A10,"yyyymmdd")&"-01",IF(B10="PBHBv1.0","NPCB"&TEXT(A10,"yyyymmdd")&"-01",IF(B10="SBCT","SBCT"&TEXT(A10,"yyyymmdd"),IF(B10="SCRA","SCRA"&TEXT(A10,"yyyymmdd"),"")))) -> NPCB20250901-01 | D10: =(260.4+262.2+262.8)/3 -> 261.8 | E10: 0.006518 | F10: =IF(ISBLANK(B10),"",IF(B10="PBHAv1.0",IF(OR(ISBLANK(D10),ISBLANK(E10)),"",IF(AND(D10>=360,D10<=460,E10<=0.4),"적합","부적합")),IF(ISBLANK(B10),"",IF(B10="PBHBv1.0",IF(OR(ISBLANK(D10),ISBLANK(E10)),"",IF(AND(D10>=240,D10<=400,E10<=0.1),"적합","부적합")),IF(ISBLANK(D10),"",IF(B10="SBCT",IF(AND(D10>=170,D10<=220),"적합","부적합"),IF(B10="SCRA",IF(AND(D10>=50,D10<=70),"적합","부적합"),""))))))) -> 적합
A11: 45901 | B11: PBHBv1.0 | C11: =IF(B11="PBHAv1.0","PCB"&TEXT(A11,"yyyymmdd")&"-01",IF(B11="PBHBv1.0","NPCB"&TEXT(A11,"yyyymmdd")&"-01",IF(B11="SBCT","SBCT"&TEXT(A11,"yyyymmdd"),IF(B11="SCRA","SCRA"&TEXT(A11,"yyyymmdd"),"")))) -> NPCB20250901-01 | D11: =(261+263.4+264)/3 -> 262.8 | E11: 0.006525 | F11: =IF(ISBLANK(B11),"",IF(B11="PBHAv1.0",IF(OR(ISBLANK(D11),ISBLANK(E11)),"",IF(AND(D11>=360,D11<=460,E11<=0.4),"적합","부적합")),IF(ISBLANK(B11),"",IF(B11="PBHBv1.0",IF(OR(ISBLANK(D11),ISBLANK(E11)),"",IF(AND(D11>=240,D11<=400,E11<=0.1),"적합","부적합")),IF(ISBLANK(D11),"",IF(B11="SBCT",IF(AND(D11>=170,D11<=220),"적합","부적합"),IF(B11="SCRA",IF(AND(D11>=50,D11<=70),"적합","부적합"),""))))))) -> 적합
A12: 45902 | B12: PBHAv1.0 | C12: =IF(B12="PBHAv1.0","PCB"&TEXT(A12,"yyyymmdd")&"-01",IF(B12="SBCT","SBCT"&TEXT(A12,"yyyymmdd"),IF(B12="SCRA","SCRA"&TEXT(A12,"yyyymmdd"),""))) -> PCB20250902-01 | D12: =(388.2+389.4+397.8)/3 -> 391.8 | E12: 0.010118 | F12: =IF(ISBLANK(B12),"",IF(B12="PBHAv1.0",IF(OR(ISBLANK(D12),ISBLANK(E12)),"",IF(AND(D12>=360,D12<=460,E12<=0.4),"적합","부적합")),IF(ISBLANK(D12),"",IF(B12="SBCT",IF(AND(D12>=170,D12<=220),"적합","부적합"),IF(B12="SCRA",IF(AND(D12>=50,D12<=70),"적합","부적합"),""))))) -> 적합
A13: 45902 | B13: PBHAv1.0 | C13: =IF(B13="PBHAv1.0","PCB"&TEXT(A13,"yyyymmdd")&"-01",IF(B13="SBCT","SBCT"&TEXT(A13,"yyyymmdd"),IF(B13="SCRA","SCRA"&TEXT(A13,"yyyymmdd"),""))) -> PCB20250902-01 | D13: =(366+369.6+372)/3 -> 369.2 | E13: 0.01474 | F13: =IF(ISBLANK(B13),"",IF(B13="PBHAv1.0",IF(OR(ISBLANK(D13),ISBLANK(E13)),"",IF(AND(D13>=360,D13<=460,E13<=0.4),"적합","부적합")),IF(ISBLANK(D13),"",IF(B13="SBCT",IF(AND(D13>=170,D13<=220),"적합","부적합"),IF(B13="SCRA",IF(AND(D13>=50,D13<=70),"적합","부적합"),""))))) -> 적합
A14: 45904 | B14: PBHAv1.0 | C14: =IF(B14="PBHAv1.0","PCB"&TEXT(A14,"yyyymmdd")&"-01",IF(B14="SBCT","SBCT"&TEXT(A14,"yyyymmdd"),IF(B14="SCRA","SCRA"&TEXT(A14,"yyyymmdd"),""))) -> PCB20250904-01 | D14: =(375+381.6+380.5)/3 -> 379.03333 | E14: 0.008633 | F14: =IF(ISBLANK(B14),"",IF(B14="PBHAv1.0",IF(OR(ISBLANK(D14),ISBLANK(E14)),"",IF(AND(D14>=360,D14<=460,E14<=0.4),"적합","부적합")),IF(ISBLANK(D14),"",IF(B14="SBCT",IF(AND(D14>=170,D14<=220),"적합","부적합"),IF(B14="SCRA",IF(AND(D14>=50,D14<=70),"적합","부적합"),""))))) -> 적합
A15: 45904 | B15: PBHAv1.0 | C15: =IF(B15="PBHAv1.0","PCB"&TEXT(A15,"yyyymmdd")&"-01",IF(B15="SBCT","SBCT"&TEXT(A15,"yyyymmdd"),IF(B15="SCRA","SCRA"&TEXT(A15,"yyyymmdd"),""))) -> PCB20250904-01 | D15: =(372.6+375.6+376.2)/3 -> 374.8 | E15: 0.009911 | F15: =IF(ISBLANK(B15),"",IF(B15="PBHAv1.0",IF(OR(ISBLANK(D15),ISBLANK(E15)),"",IF(AND(D15>=360,D15<=460,E15<=0.4),"적합","부적합")),IF(ISBLANK(D15),"",IF(B15="SBCT",IF(AND(D15>=170,D15<=220),"적합","부적합"),IF(B15="SCRA",IF(AND(D15>=50,D15<=70),"적합","부적합"),""))))) -> 적합
A16: 45905 | B16: PBHBv1.0 | C16: =IF(B16="PBHAv1.0","PCB"&TEXT(A16,"yyyymmdd")&"-01",IF(B16="PBHBv1.0","BIH"&TEXT(A16,"yyyymmdd")&"-01",IF(B16="SBCT","SBCT"&TEXT(A16,"yyyymmdd"),IF(B16="SCRA","SCRA"&TEXT(A16,"yyyymmdd"),"")))) -> BIH20250905-01 | D16: 275.4 | E16: 0.002101 | F16: =IF(ISBLANK(B16),"",IF(B16="PBHAv1.0",IF(OR(ISBLANK(D16),ISBLANK(E16)),"",IF(AND(D16>=360,D16<=460,E16<=0.4),"적합","부적합")),IF(ISBLANK(B16),"",IF(B16="PBHBv1.0",IF(OR(ISBLANK(D16),ISBLANK(E16)),"",IF(AND(D16>=240,D16<=400,E16<=0.1),"적합","부적합")),IF(ISBLANK(D16),"",IF(B16="SBCT",IF(AND(D16>=170,D16<=220),"적합","부적합"),IF(B16="SCRA",IF(AND(D16>=50,D16<=70),"적합","부적합"),""))))))) -> 적합
A17: 45905 | B17: PBHBv1.0 | C17: =IF(B17="PBHAv1.0","PCB"&TEXT(A17,"yyyymmdd")&"-01",IF(B17="PBHBv1.0","BIH"&TEXT(A17,"yyyymmdd")&"-01",IF(B17="SBCT","SBCT"&TEXT(A17,"yyyymmdd"),IF(B17="SCRA","SCRA"&TEXT(A17,"yyyymmdd"),"")))) -> BIH20250905-01 | D17: 287.4 | E17: 0.000933 | F17: =IF(ISBLANK(B17),"",IF(B17="PBHAv1.0",IF(OR(ISBLANK(D17),ISBLANK(E17)),"",IF(AND(D17>=360,D17<=460,E17<=0.4),"적합","부적합")),IF(ISBLANK(B17),"",IF(B17="PBHBv1.0",IF(OR(ISBLANK(D17),ISBLANK(E17)),"",IF(AND(D17>=240,D17<=400,E17<=0.1),"적합","부적합")),IF(ISBLANK(D17),"",IF(B17="SBCT",IF(AND(D17>=170,D17<=220),"적합","부적합"),IF(B17="SCRA",IF(AND(D17>=50,D17<=70),"적합","부적합"),""))))))) -> 적합
A18: 45908 | B18: PBHAv1.0 | C18: =IF(B18="PBHAv1.0","PCB"&TEXT(A18,"yyyymmdd")&"-01",IF(B18="PBHBv1.0","BIH"&TEXT(A18,"yyyymmdd")&"-01",IF(B18="SBCT","SBCT"&TEXT(A18,"yyyymmdd"),IF(B18="SCRA","SCRA"&TEXT(A18,"yyyymmdd"),"")))) -> PCB20250908-01 | D18: 414.6 | E18: 0.009494 | F18: =IF(ISBLANK(B18),"",IF(B18="PBHAv1.0",IF(OR(ISBLANK(D18),ISBLANK(E18)),"",IF(AND(D18>=360,D18<=460,E18<=0.4),"적합","부적합")),IF(ISBLANK(B18),"",IF(B18="PBHBv1.0",IF(OR(ISBLANK(D18),ISBLANK(E18)),"",IF(AND(D18>=240,D18<=400,E18<=0.1),"적합","부적합")),IF(ISBLANK(D18),"",IF(B18="SBCT",IF(AND(D18>=170,D18<=220),"적합","부적합"),IF(B18="SCRA",IF(AND(D18>=50,D18<=70),"적합","부적합"),""))))))) -> 적합
A19: 45908 | B19: PBHAv1.0 | C19: =IF(B19="PBHAv1.0","PCB"&TEXT(A19,"yyyymmdd")&"-01",IF(B19="PBHBv1.0","BIH"&TEXT(A19,"yyyymmdd")&"-01",IF(B19="SBCT","SBCT"&TEXT(A19,"yyyymmdd"),IF(B19="SCRA","SCRA"&TEXT(A19,"yyyymmdd"),"")))) -> PCB20250908-01 | D19: 385.2 | E19: 0.010691 | F19: =IF(ISBLANK(B19),"",IF(B19="PBHAv1.0",IF(OR(ISBLANK(D19),ISBLANK(E19)),"",IF(AND(D19>=360,D19<=460,E19<=0.4),"적합","부적합")),IF(ISBLANK(B19),"",IF(B19="PBHBv1.0",IF(OR(ISBLANK(D19),ISBLANK(E19)),"",IF(AND(D19>=240,D19<=400,E19<=0.1),"적합","부적합")),IF(ISBLANK(D19),"",IF(B19="SBCT",IF(AND(D19>=170,D19<=220),"적합","부적합"),IF(B19="SCRA",IF(AND(D19>=50,D19<=70),"적합","부적합"),""))))))) -> 적합
A20: 45909 | B20: PBHAv1.0 | C20: =IF(B20="PBHAv1.0","PCB"&TEXT(A20,"yyyymmdd")&"-01",IF(B20="PBHBv1.0","BIH"&TEXT(A20,"yyyymmdd")&"-01",IF(B20="SBCT","SBCT"&TEXT(A20,"yyyymmdd"),IF(B20="SCRA","SCRA"&TEXT(A20,"yyyymmdd"),"")))) -> PCB20250909-01 | D20: =(382.8+369.6+368.4)/3 -> 373.6 | E20: 0.008874 | F20: =IF(ISBLANK(B20),"",IF(B20="PBHAv1.0",IF(OR(ISBLANK(D20),ISBLANK(E20)),"",IF(AND(D20>=360,D20<=460,E20<=0.4),"적합","부적합")),IF(ISBLANK(B20),"",IF(B20="PBHBv1.0",IF(OR(ISBLANK(D20),ISBLANK(E20)),"",IF(AND(D20>=240,D20<=400,E20<=0.1),"적합","부적합")),IF(ISBLANK(D20),"",IF(B20="SBCT",IF(AND(D20>=170,D20<=220),"적합","부적합"),IF(B20="SCRA",IF(AND(D20>=50,D20<=70),"적합","부적합"),""))))))) -> 적합
A21: 45909 | B21: PBHAv1.0 | C21: =IF(B21="PBHAv1.0","PCB"&TEXT(A21,"yyyymmdd")&"-01",IF(B21="PBHBv1.0","BIH"&TEXT(A21,"yyyymmdd")&"-01",IF(B21="SBCT","SBCT"&TEXT(A21,"yyyymmdd"),IF(B21="SCRA","SCRA"&TEXT(A21,"yyyymmdd"),"")))) -> PCB20250909-01 | D21: =(365.4+367.8+370.2)/3 -> 367.8 | E21: 0.00756 | F21: =IF(ISBLANK(B21),"",IF(B21="PBHAv1.0",IF(OR(ISBLANK(D21),ISBLANK(E21)),"",IF(AND(D21>=360,D21<=460,E21<=0.4),"적합","부적합")),IF(ISBLANK(B21),"",IF(B21="PBHBv1.0",IF(OR(ISBLANK(D21),ISBLANK(E21)),"",IF(AND(D21>=240,D21<=400,E21<=0.1),"적합","부적합")),IF(ISBLANK(D21),"",IF(B21="SBCT",IF(AND(D21>=170,D21<=220),"적합","부적합"),IF(B21="SCRA",IF(AND(D21>=50,D21<=70),"적합","부적합"),""))))))) -> 적합
A22: 45911 | B22: PBHAv1.0 | C22: =IF(B22="PBHAv1.0","PCB"&TEXT(A22,"yyyymmdd")&"-01",IF(B22="PBHBv1.0","BIH"&TEXT(A22,"yyyymmdd")&"-01",IF(B22="SBCT","SBCT"&TEXT(A22,"yyyymmdd"),IF(B22="SCRA","SCRA"&TEXT(A22,"yyyymmdd"),"")))) -> PCB20250911-01 | D22: =(391.2+391.8+391.7)/3 -> 391.56667 | E22: 0.008242 | F22: =IF(ISBLANK(B22),"",IF(B22="PBHAv1.0",IF(OR(ISBLANK(D22),ISBLANK(E22)),"",IF(AND(D22>=360,D22<=460,E22<=0.4),"적합","부적합")),IF(ISBLANK(B22),"",IF(B22="PBHBv1.0",IF(OR(ISBLANK(D22),ISBLANK(E22)),"",IF(AND(D22>=240,D22<=400,E22<=0.1),"적합","부적합")),IF(ISBLANK(D22),"",IF(B22="SBCT",IF(AND(D22>=170,D22<=220),"적합","부적합"),IF(B22="SCRA",IF(AND(D22>=50,D22<=70),"적합","부적합"),""))))))) -> 적합
A23: 45911 | B23: PBHAv1.0 | C23: =IF(B23="PBHAv1.0","PCB"&TEXT(A23,"yyyymmdd")&"-01",IF(B23="PBHBv1.0","BIH"&TEXT(A23,"yyyymmdd")&"-01",IF(B23="SBCT","SBCT"&TEXT(A23,"yyyymmdd"),IF(B23="SCRA","SCRA"&TEXT(A23,"yyyymmdd"),"")))) -> PCB20250911-01 | D23: =(361.2+362.4+364.2)/3 -> 362.6 | E23: 0.011026 | F23: =IF(ISBLANK(B23),"",IF(B23="PBHAv1.0",IF(OR(ISBLANK(D23),ISBLANK(E23)),"",IF(AND(D23>=360,D23<=460,E23<=0.4),"적합","부적합")),IF(ISBLANK(B23),"",IF(B23="PBHBv1.0",IF(OR(ISBLANK(D23),ISBLANK(E23)),"",IF(AND(D23>=240,D23<=400,E23<=0.1),"적합","부적합")),IF(ISBLANK(D23),"",IF(B23="SBCT",IF(AND(D23>=170,D23<=220),"적합","부적합"),IF(B23="SCRA",IF(AND(D23>=50,D23<=70),"적합","부적합"),""))))))) -> 적합
A24: 45910 | B24: PBHBv1.0 | C24: =IF(B24="PBHAv1.0","PCB"&TEXT(A24,"yyyymmdd")&"-01",IF(B24="PBHBv1.0","BIH"&TEXT(A24,"yyyymmdd")&"-01",IF(B24="SBCT","SBCT"&TEXT(A24,"yyyymmdd"),IF(B24="SCRA","SCRA"&TEXT(A24,"yyyymmdd"),"")))) -> BIH20250910-01 | D24: =(269.4+270.6+271.8)/3 -> 270.6 | E24: 0.004882 | F24: =IF(ISBLANK(B24),"",IF(B24="PBHAv1.0",IF(OR(ISBLANK(D24),ISBLANK(E24)),"",IF(AND(D24>=360,D24<=460,E24<=0.4),"적합","부적합")),IF(ISBLANK(B24),"",IF(B24="PBHBv1.0",IF(OR(ISBLANK(D24),ISBLANK(E24)),"",IF(AND(D24>=240,D24<=400,E24<=0.1),"적합","부적합")),IF(ISBLANK(D24),"",IF(B24="SBCT",IF(AND(D24>=170,D24<=220),"적합","부적합"),IF(B24="SCRA",IF(AND(D24>=50,D24<=70),"적합","부적합"),""))))))) -> 적합
A25: 45910 | B25: PBHBv1.0 | C25: =IF(B25="PBHAv1.0","PCB"&TEXT(A25,"yyyymmdd")&"-01",IF(B25="PBHBv1.0","BIH"&TEXT(A25,"yyyymmdd")&"-01",IF(B25="SBCT","SBCT"&TEXT(A25,"yyyymmdd"),IF(B25="SCRA","SCRA"&TEXT(A25,"yyyymmdd"),"")))) -> BIH20250910-01 | D25: =(280.2+282.6+283.8)/3 -> 282.2 | E25: 0.004006 | F25: =IF(ISBLANK(B25),"",IF(B25="PBHAv1.0",IF(OR(ISBLANK(D25),ISBLANK(E25)),"",IF(AND(D25>=360,D25<=460,E25<=0.4),"적합","부적합")),IF(ISBLANK(B25),"",IF(B25="PBHBv1.0",IF(OR(ISBLANK(D25),ISBLANK(E25)),"",IF(AND(D25>=240,D25<=400,E25<=0.1),"적합","부적합")),IF(ISBLANK(D25),"",IF(B25="SBCT",IF(AND(D25>=170,D25<=220),"적합","부적합"),IF(B25="SCRA",IF(AND(D25>=50,D25<=70),"적합","부적합"),""))))))) -> 적합
A26: 45912 | B26: PBHBv1.0 | C26: =IF(B26="PBHAv1.0","PCB"&TEXT(A26,"yyyymmdd")&"-01",IF(B26="PBHBv1.0","BIH"&TEXT(A26,"yyyymmdd")&"-01",IF(B26="SBCT","SBCT"&TEXT(A26,"yyyymmdd"),IF(B26="SCRA","SCRA"&TEXT(A26,"yyyymmdd"),"")))) -> BIH20250912-01 | D26: =(262.2+264+265.2)/3 -> 263.8 | E26: 0.004019 | F26: =IF(ISBLANK(B26),"",IF(B26="PBHAv1.0",IF(OR(ISBLANK(D26),ISBLANK(E26)),"",IF(AND(D26>=360,D26<=460,E26<=0.4),"적합","부적합")),IF(ISBLANK(B26),"",IF(B26="PBHBv1.0",IF(OR(ISBLANK(D26),ISBLANK(E26)),"",IF(AND(D26>=240,D26<=400,E26<=0.1),"적합","부적합")),IF(ISBLANK(D26),"",IF(B26="SBCT",IF(AND(D26>=170,D26<=220),"적합","부적합"),IF(B26="SCRA",IF(AND(D26>=50,D26<=70),"적합","부적합"),""))))))) -> 적합
A27: 45912 | B27: PBHBv1.0 | C27: =IF(B27="PBHAv1.0","PCB"&TEXT(A27,"yyyymmdd")&"-01",IF(B27="PBHBv1.0","BIH"&TEXT(A27,"yyyymmdd")&"-01",IF(B27="SBCT","SBCT"&TEXT(A27,"yyyymmdd"),IF(B27="SCRA","SCRA"&TEXT(A27,"yyyymmdd"),"")))) -> BIH20250912-01 | D27: =(267.6+270.6+271.8)/3 -> 270 | E27: 0.005236 | F27: =IF(ISBLANK(B27),"",IF(B27="PBHAv1.0",IF(OR(ISBLANK(D27),ISBLANK(E27)),"",IF(AND(D27>=360,D27<=460,E27<=0.4),"적합","부적합")),IF(ISBLANK(B27),"",IF(B27="PBHBv1.0",IF(OR(ISBLANK(D27),ISBLANK(E27)),"",IF(AND(D27>=240,D27<=400,E27<=0.1),"적합","부적합")),IF(ISBLANK(D27),"",IF(B27="SBCT",IF(AND(D27>=170,D27<=220),"적합","부적합"),IF(B27="SCRA",IF(AND(D27>=50,D27<=70),"적합","부적합"),""))))))) -> 적합
A28: 45930 | B28: PBHAv1.0 | C28: =IF(B28="PBHAv1.0","PCB"&TEXT(A28,"yyyymmdd")&"-01",IF(B28="PBHBv1.0","BIH"&TEXT(A28,"yyyymmdd")&"-01",IF(B28="SBCT","SBCT"&TEXT(A28,"yyyymmdd"),IF(B28="SCRA","SCRA"&TEXT(A28,"yyyymmdd"),"")))) -> PCB20250930-01 | D28: 400.2 | E28: 0.012581 | F28: =IF(ISBLANK(B28),"",IF(B28="PBHAv1.0",IF(OR(ISBLANK(D28),ISBLANK(E28)),"",IF(AND(D28>=360,D28<=460,E28<=0.4),"적합","부적합")),IF(ISBLANK(B28),"",IF(B28="PBHBv1.0",IF(OR(ISBLANK(D28),ISBLANK(E28)),"",IF(AND(D28>=240,D28<=400,E28<=0.1),"적합","부적합")),IF(ISBLANK(D28),"",IF(B28="SBCT",IF(AND(D28>=170,D28<=220),"적합","부적합"),IF(B28="SCRA",IF(AND(D28>=50,D28<=70),"적합","부적합"),""))))))) -> 적합
A29: 45930 | B29: PBHAv1.0 | C29: =IF(B29="PBHAv1.0","PCB"&TEXT(A29,"yyyymmdd")&"-01",IF(B29="PBHBv1.0","BIH"&TEXT(A29,"yyyymmdd")&"-01",IF(B29="SBCT","SBCT"&TEXT(A29,"yyyymmdd"),IF(B29="SCRA","SCRA"&TEXT(A29,"yyyymmdd"),"")))) -> PCB20250930-01 | D29: 371.4 | E29: 0.011931 | F29: =IF(ISBLANK(B29),"",IF(B29="PBHAv1.0",IF(OR(ISBLANK(D29),ISBLANK(E29)),"",IF(AND(D29>=360,D29<=460,E29<=0.4),"적합","부적합")),IF(ISBLANK(B29),"",IF(B29="PBHBv1.0",IF(OR(ISBLANK(D29),ISBLANK(E29)),"",IF(AND(D29>=240,D29<=400,E29<=0.1),"적합","부적합")),IF(ISBLANK(D29),"",IF(B29="SBCT",IF(AND(D29>=170,D29<=220),"적합","부적합"),IF(B29="SCRA",IF(AND(D29>=50,D29<=70),"적합","부적합"),""))))))) -> 적합
A30: 45945 | B30: PBHAv1.0 | C30: =IF(B30="PBHAv1.0","PCB"&TEXT(A30,"yyyymmdd")&"-01",IF(B30="PBHBv1.0","BIH"&TEXT(A30,"yyyymmdd")&"-01",IF(B30="SBCT","SBCT"&TEXT(A30,"yyyymmdd"),IF(B30="SCRA","SCRA"&TEXT(A30,"yyyymmdd"),"")))) -> PCB20251015-01 | D30: 401.4 | E30: 0.007085 | F30: =IF(ISBLANK(B30),"",IF(B30="PBHAv1.0",IF(OR(ISBLANK(D30),ISBLANK(E30)),"",IF(AND(D30>=360,D30<=460,E30<=0.4),"적합","부적합")),IF(ISBLANK(B30),"",IF(B30="PBHBv1.0",IF(OR(ISBLANK(D30),ISBLANK(E30)),"",IF(AND(D30>=240,D30<=400,E30<=0.1),"적합","부적합")),IF(ISBLANK(D30),"",IF(B30="SBCT",IF(AND(D30>=170,D30<=220),"적합","부적합"),IF(B30="SCRA",IF(AND(D30>=50,D30<=70),"적합","부적합"),""))))))) -> 적합
A31: 45945 | B31: PBHAv1.0 | C31: =IF(B31="PBHAv1.0","PCB"&TEXT(A31,"yyyymmdd")&"-01",IF(B31="PBHBv1.0","BIH"&TEXT(A31,"yyyymmdd")&"-01",IF(B31="SBCT","SBCT"&TEXT(A31,"yyyymmdd"),IF(B31="SCRA","SCRA"&TEXT(A31,"yyyymmdd"),"")))) -> PCB20251015-01 | D31: 389.4 | E31: 0.006187 | F31: =IF(ISBLANK(B31),"",IF(B31="PBHAv1.0",IF(OR(ISBLANK(D31),ISBLANK(E31)),"",IF(AND(D31>=360,D31<=460,E31<=0.4),"적합","부적합")),IF(ISBLANK(B31),"",IF(B31="PBHBv1.0",IF(OR(ISBLANK(D31),ISBLANK(E31)),"",IF(AND(D31>=240,D31<=400,E31<=0.1),"적합","부적합")),IF(ISBLANK(D31),"",IF(B31="SBCT",IF(AND(D31>=170,D31<=220),"적합","부적합"),IF(B31="SCRA",IF(AND(D31>=50,D31<=70),"적합","부적합"),""))))))) -> 적합
A32: 45946 | B32: PBHAv1.0 | C32: =IF(B32="PBHAv1.0","PCB"&TEXT(A32,"yyyymmdd")&"-01",IF(B32="PBHBv1.0","BIH"&TEXT(A32,"yyyymmdd")&"-01",IF(B32="SBCT","SBCT"&TEXT(A32,"yyyymmdd"),IF(B32="SCRA","SCRA"&TEXT(A32,"yyyymmdd"),"")))) -> PCB20251016-01 | D32: 367.2 | E32: 0.007573 | F32: =IF(ISBLANK(B32),"",IF(B32="PBHAv1.0",IF(OR(ISBLANK(D32),ISBLANK(E32)),"",IF(AND(D32>=360,D32<=460,E32<=0.4),"적합","부적합")),IF(ISBLANK(B32),"",IF(B32="PBHBv1.0",IF(OR(ISBLANK(D32),ISBLANK(E32)),"",IF(AND(D32>=240,D32<=400,E32<=0.1),"적합","부적합")),IF(ISBLANK(D32),"",IF(B32="SBCT",IF(AND(D32>=170,D32<=220),"적합","부적합"),IF(B32="SCRA",IF(AND(D32>=50,D32<=70),"적합","부적합"),""))))))) -> 적합
A33: 45946 | B33: PBHAv1.0 | C33: =IF(B33="PBHAv1.0","PCB"&TEXT(A33,"yyyymmdd")&"-01",IF(B33="PBHBv1.0","BIH"&TEXT(A33,"yyyymmdd")&"-01",IF(B33="SBCT","SBCT"&TEXT(A33,"yyyymmdd"),IF(B33="SCRA","SCRA"&TEXT(A33,"yyyymmdd"),"")))) -> PCB20251016-01 | D33: 361.2 | E33: 0.002582 | F33: =IF(ISBLANK(B33),"",IF(B33="PBHAv1.0",IF(OR(ISBLANK(D33),ISBLANK(E33)),"",IF(AND(D33>=360,D33<=460,E33<=0.4),"적합","부적합")),IF(ISBLANK(B33),"",IF(B33="PBHBv1.0",IF(OR(ISBLANK(D33),ISBLANK(E33)),"",IF(AND(D33>=240,D33<=400,E33<=0.1),"적합","부적합")),IF(ISBLANK(D33),"",IF(B33="SBCT",IF(AND(D33>=170,D33<=220),"적합","부적합"),IF(B33="SCRA",IF(AND(D33>=50,D33<=70),"적합","부적합"),""))))))) -> 적합
A34: 45951 | B34: PBHAv1.0 | C34: =IF(B34="PBHAv1.0","PCB"&TEXT(A34,"yyyymmdd")&"-01",IF(B34="PBHBv1.0","BIH"&TEXT(A34,"yyyymmdd")&"-01",IF(B34="SBCT","SBCT"&TEXT(A34,"yyyymmdd"),IF(B34="SCRA","SCRA"&TEXT(A34,"yyyymmdd"),"")))) -> PCB20251021-01 | D34: =(368.4+367.2+367.2)/3 -> 367.6 | E34: 0.024893 | F34: =IF(ISBLANK(B34),"",IF(B34="PBHAv1.0",IF(OR(ISBLANK(D34),ISBLANK(E34)),"",IF(AND(D34>=360,D34<=460,E34<=0.4),"적합","부적합")),IF(ISBLANK(B34),"",IF(B34="PBHBv1.0",IF(OR(ISBLANK(D34),ISBLANK(E34)),"",IF(AND(D34>=240,D34<=400,E34<=0.1),"적합","부적합")),IF(ISBLANK(D34),"",IF(B34="SBCT",IF(AND(D34>=170,D34<=220),"적합","부적합"),IF(B34="SCRA",IF(AND(D34>=50,D34<=70),"적합","부적합"),""))))))) -> 적합
A35: 45951 | B35: PBHAv1.0 | C35: =IF(B35="PBHAv1.0","PCB"&TEXT(A35,"yyyymmdd")&"-01",IF(B35="PBHBv1.0","BIH"&TEXT(A35,"yyyymmdd")&"-01",IF(B35="SBCT","SBCT"&TEXT(A35,"yyyymmdd"),IF(B35="SCRA","SCRA"&TEXT(A35,"yyyymmdd"),"")))) -> PCB20251021-01 | D35: =(350.4+351.6+350.4)/3 -> 350.8 | E35: 0.025525 | F35: =IF(ISBLANK(B35),"",IF(B35="PBHAv1.0",IF(OR(ISBLANK(D35),ISBLANK(E35)),"",IF(AND(D35>=360,D35<=460,E35<=0.4),"적합","부적합")),IF(ISBLANK(B35),"",IF(B35="PBHBv1.0",IF(OR(ISBLANK(D35),ISBLANK(E35)),"",IF(AND(D35>=240,D35<=400,E35<=0.1),"적합","부적합")),IF(ISBLANK(D35),"",IF(B35="SBCT",IF(AND(D35>=170,D35<=220),"적합","부적합"),IF(B35="SCRA",IF(AND(D35>=50,D35<=70),"적합","부적합"),""))))))) -> 부적합
A36: 45953 | B36: PBHAv1.0 | C36: =IF(B36="PBHAv1.0","PCB"&TEXT(A36,"yyyymmdd")&"-01",IF(B36="PBHBv1.0","BIH"&TEXT(A36,"yyyymmdd")&"-01",IF(B36="SBCT","SBCT"&TEXT(A36,"yyyymmdd"),IF(B36="SCRA","SCRA"&TEXT(A36,"yyyymmdd"),"")))) -> PCB20251023-01 | D36: 415.8 | E36: 0.007811 | F36: =IF(ISBLANK(B36),"",IF(B36="PBHAv1.0",IF(OR(ISBLANK(D36),ISBLANK(E36)),"",IF(AND(D36>=360,D36<=460,E36<=0.4),"적합","부적합")),IF(ISBLANK(B36),"",IF(B36="PBHBv1.0",IF(OR(ISBLANK(D36),ISBLANK(E36)),"",IF(AND(D36>=240,D36<=400,E36<=0.1),"적합","부적합")),IF(ISBLANK(D36),"",IF(B36="SBCT",IF(AND(D36>=170,D36<=220),"적합","부적합"),IF(B36="SCRA",IF(AND(D36>=50,D36<=70),"적합","부적합"),""))))))) -> 적합
A37: 45953 | B37: PBHAv1.0 | C37: =IF(B37="PBHAv1.0","PCB"&TEXT(A37,"yyyymmdd")&"-01",IF(B37="PBHBv1.0","BIH"&TEXT(A37,"yyyymmdd")&"-01",IF(B37="SBCT","SBCT"&TEXT(A37,"yyyymmdd"),IF(B37="SCRA","SCRA"&TEXT(A37,"yyyymmdd"),"")))) -> PCB20251023-01 | D37: 388.8 | E37: 0.006953 | F37: =IF(ISBLANK(B37),"",IF(B37="PBHAv1.0",IF(OR(ISBLANK(D37),ISBLANK(E37)),"",IF(AND(D37>=360,D37<=460,E37<=0.4),"적합","부적합")),IF(ISBLANK(B37),"",IF(B37="PBHBv1.0",IF(OR(ISBLANK(D37),ISBLANK(E37)),"",IF(AND(D37>=240,D37<=400,E37<=0.1),"적합","부적합")),IF(ISBLANK(D37),"",IF(B37="SBCT",IF(AND(D37>=170,D37<=220),"적합","부적합"),IF(B37="SCRA",IF(AND(D37>=50,D37<=70),"적합","부적합"),""))))))) -> 적합
A38: 45957 | B38: PBHAv1.0 | C38: =IF(B38="PBHAv1.0","PCB"&TEXT(A38,"yyyymmdd")&"-01",IF(B38="PBHBv1.0","BIH"&TEXT(A38,"yyyymmdd")&"-01",IF(B38="SBCT","SBCT"&TEXT(A38,"yyyymmdd"),IF(B38="SCRA","SCRA"&TEXT(A38,"yyyymmdd"),"")))) -> PCB20251027-01 | D38: 421.73 | E38: 0.013653 | F38: =IF(ISBLANK(B38),"",IF(B38="PBHAv1.0",IF(OR(ISBLANK(D38),ISBLANK(E38)),"",IF(AND(D38>=360,D38<=460,E38<=0.4),"적합","부적합")),IF(ISBLANK(B38),"",IF(B38="PBHBv1.0",IF(OR(ISBLANK(D38),ISBLANK(E38)),"",IF(AND(D38>=240,D38<=400,E38<=0.1),"적합","부적합")),IF(ISBLANK(D38),"",IF(B38="SBCT",IF(AND(D38>=170,D38<=220),"적합","부적합"),IF(B38="SCRA",IF(AND(D38>=50,D38<=70),"적합","부적합"),""))))))) -> 적합
A39: 45957 | B39: PBHAv1.0 | C39: =IF(B39="PBHAv1.0","PCB"&TEXT(A39,"yyyymmdd")&"-01",IF(B39="PBHBv1.0","BIH"&TEXT(A39,"yyyymmdd")&"-01",IF(B39="SBCT","SBCT"&TEXT(A39,"yyyymmdd"),IF(B39="SCRA","SCRA"&TEXT(A39,"yyyymmdd"),"")))) -> PCB20251027-01 | D39: 385.6 | E39: 0.009963 | F39: =IF(ISBLANK(B39),"",IF(B39="PBHAv1.0",IF(OR(ISBLANK(D39),ISBLANK(E39)),"",IF(AND(D39>=360,D39<=460,E39<=0.4),"적합","부적합")),IF(ISBLANK(B39),"",IF(B39="PBHBv1.0",IF(OR(ISBLANK(D39),ISBLANK(E39)),"",IF(AND(D39>=240,D39<=400,E39<=0.1),"적합","부적합")),IF(ISBLANK(D39),"",IF(B39="SBCT",IF(AND(D39>=170,D39<=220),"적합","부적합"),IF(B39="SCRA",IF(AND(D39>=50,D39<=70),"적합","부적합"),""))))))) -> 적합
A40: 45958 | B40: PBHAv1.0 | C40: =IF(B40="PBHAv1.0","PCB"&TEXT(A40,"yyyymmdd")&"-01",IF(B40="PBHBv1.0","BIH"&TEXT(A40,"yyyymmdd")&"-01",IF(B40="SBCT","SBCT"&TEXT(A40,"yyyymmdd"),IF(B40="SCRA","SCRA"&TEXT(A40,"yyyymmdd"),"")))) -> PCB20251028-01 | D40: 381.2 | E40: 0.017637 | F40: =IF(ISBLANK(B40),"",IF(B40="PBHAv1.0",IF(OR(ISBLANK(D40),ISBLANK(E40)),"",IF(AND(D40>=360,D40<=460,E40<=0.4),"적합","부적합")),IF(ISBLANK(B40),"",IF(B40="PBHBv1.0",IF(OR(ISBLANK(D40),ISBLANK(E40)),"",IF(AND(D40>=240,D40<=400,E40<=0.1),"적합","부적합")),IF(ISBLANK(D40),"",IF(B40="SBCT",IF(AND(D40>=170,D40<=220),"적합","부적합"),IF(B40="SCRA",IF(AND(D40>=50,D40<=70),"적합","부적합"),""))))))) -> 적합
A41: 45958 | B41: PBHAv1.0 | C41: =IF(B41="PBHAv1.0","PCB"&TEXT(A41,"yyyymmdd")&"-01",IF(B41="PBHBv1.0","BIH"&TEXT(A41,"yyyymmdd")&"-01",IF(B41="SBCT","SBCT"&TEXT(A41,"yyyymmdd"),IF(B41="SCRA","SCRA"&TEXT(A41,"yyyymmdd"),"")))) -> PCB20251028-01 | D41: 391.6 | E41: 0.01377 | F41: =IF(ISBLANK(B41),"",IF(B41="PBHAv1.0",IF(OR(ISBLANK(D41),ISBLANK(E41)),"",IF(AND(D41>=360,D41<=460,E41<=0.4),"적합","부적합")),IF(ISBLANK(B41),"",IF(B41="PBHBv1.0",IF(OR(ISBLANK(D41),ISBLANK(E41)),"",IF(AND(D41>=240,D41<=400,E41<=0.1),"적합","부적합")),IF(ISBLANK(D41),"",IF(B41="SBCT",IF(AND(D41>=170,D41<=220),"적합","부적합"),IF(B41="SCRA",IF(AND(D41>=50,D41<=70),"적합","부적합"),""))))))) -> 적합
A42: 45959 | B42: PBHAv1.0 | C42: =IF(B42="PBHAv1.0","PCB"&TEXT(A42,"yyyymmdd")&"-01",IF(B42="PBHBv1.0","BIH"&TEXT(A42,"yyyymmdd")&"-01",IF(B42="SBCT","SBCT"&TEXT(A42,"yyyymmdd"),IF(B42="SCRA","SCRA"&TEXT(A42,"yyyymmdd"),"")))) -> PCB20251029-01 | D42: 401.2 | E42: 0.01215 | F42: =IF(ISBLANK(B42),"",IF(B42="PBHAv1.0",IF(OR(ISBLANK(D42),ISBLANK(E42)),"",IF(AND(D42>=360,D42<=460,E42<=0.4),"적합","부적합")),IF(ISBLANK(B42),"",IF(B42="PBHBv1.0",IF(OR(ISBLANK(D42),ISBLANK(E42)),"",IF(AND(D42>=240,D42<=400,E42<=0.1),"적합","부적합")),IF(ISBLANK(D42),"",IF(B42="SBCT",IF(AND(D42>=170,D42<=220),"적합","부적합"),IF(B42="SCRA",IF(AND(D42>=50,D42<=70),"적합","부적합"),""))))))) -> 적합
A43: 45959 | B43: PBHAv1.0 | C43: =IF(B43="PBHAv1.0","PCB"&TEXT(A43,"yyyymmdd")&"-01",IF(B43="PBHBv1.0","BIH"&TEXT(A43,"yyyymmdd")&"-01",IF(B43="SBCT","SBCT"&TEXT(A43,"yyyymmdd"),IF(B43="SCRA","SCRA"&TEXT(A43,"yyyymmdd"),"")))) -> PCB20251029-01 | D43: 374.8 | E43: 0.00795 | F43: =IF(ISBLANK(B43),"",IF(B43="PBHAv1.0",IF(OR(ISBLANK(D43),ISBLANK(E43)),"",IF(AND(D43>=360,D43<=460,E43<=0.4),"적합","부적합")),IF(ISBLANK(B43),"",IF(B43="PBHBv1.0",IF(OR(ISBLANK(D43),ISBLANK(E43)),"",IF(AND(D43>=240,D43<=400,E43<=0.1),"적합","부적합")),IF(ISBLANK(D43),"",IF(B43="SBCT",IF(AND(D43>=170,D43<=220),"적합","부적합"),IF(B43="SCRA",IF(AND(D43>=50,D43<=70),"적합","부적합"),""))))))) -> 적합
A44: 45960 | B44: PBHAv1.0 | C44: =IF(B44="PBHAv1.0","PCB"&TEXT(A44,"yyyymmdd")&"-01",IF(B44="PBHBv1.0","BIH"&TEXT(A44,"yyyymmdd")&"-01",IF(B44="SBCT","SBCT"&TEXT(A44,"yyyymmdd"),IF(B44="SCRA","SCRA"&TEXT(A44,"yyyymmdd"),"")))) -> PCB20251030-01 | D44: 384.8 | E44: 0.007197 | F44: =IF(ISBLANK(B44),"",IF(B44="PBHAv1.0",IF(OR(ISBLANK(D44),ISBLANK(E44)),"",IF(AND(D44>=360,D44<=460,E44<=0.4),"적합","부적합")),IF(ISBLANK(B44),"",IF(B44="PBHBv1.0",IF(OR(ISBLANK(D44),ISBLANK(E44)),"",IF(AND(D44>=240,D44<=400,E44<=0.1),"적합","부적합")),IF(ISBLANK(D44),"",IF(B44="SBCT",IF(AND(D44>=170,D44<=220),"적합","부적합"),IF(B44="SCRA",IF(AND(D44>=50,D44<=70),"적합","부적합"),""))))))) -> 적합
A45: 45960 | B45: PBHAv1.0 | C45: =IF(B45="PBHAv1.0","PCB"&TEXT(A45,"yyyymmdd")&"-01",IF(B45="PBHBv1.0","BIH"&TEXT(A45,"yyyymmdd")&"-01",IF(B45="SBCT","SBCT"&TEXT(A45,"yyyymmdd"),IF(B45="SCRA","SCRA"&TEXT(A45,"yyyymmdd"),"")))) -> PCB20251030-01 | D45: 398 | E45: 0.005455 | F45: =IF(ISBLANK(B45),"",IF(B45="PBHAv1.0",IF(OR(ISBLANK(D45),ISBLANK(E45)),"",IF(AND(D45>=360,D45<=460,E45<=0.4),"적합","부적합")),IF(ISBLANK(B45),"",IF(B45="PBHBv1.0",IF(OR(ISBLANK(D45),ISBLANK(E45)),"",IF(AND(D45>=240,D45<=400,E45<=0.1),"적합","부적합")),IF(ISBLANK(D45),"",IF(B45="SBCT",IF(AND(D45>=170,D45<=220),"적합","부적합"),IF(B45="SCRA",IF(AND(D45>=50,D45<=70),"적합","부적합"),""))))))) -> 적합
A46: 45961 | B46: PBHAv1.0 | C46: =IF(B46="PBHAv1.0","PCB"&TEXT(A46,"yyyymmdd")&"-01",IF(B46="PBHBv1.0","BIH"&TEXT(A46,"yyyymmdd")&"-01",IF(B46="SBCT","SBCT"&TEXT(A46,"yyyymmdd"),IF(B46="SCRA","SCRA"&TEXT(A46,"yyyymmdd"),"")))) -> PCB20251031-01 | D46: 403.6 | E46: 0.004156 | F46: =IF(ISBLANK(B46),"",IF(B46="PBHAv1.0",IF(OR(ISBLANK(D46),ISBLANK(E46)),"",IF(AND(D46>=360,D46<=460,E46<=0.4),"적합","부적합")),IF(ISBLANK(B46),"",IF(B46="PBHBv1.0",IF(OR(ISBLANK(D46),ISBLANK(E46)),"",IF(AND(D46>=240,D46<=400,E46<=0.1),"적합","부적합")),IF(ISBLANK(D46),"",IF(B46="SBCT",IF(AND(D46>=170,D46<=220),"적합","부적합"),IF(B46="SCRA",IF(AND(D46>=50,D46<=70),"적합","부적합"),""))))))) -> 적합
A47: 45961 | B47: PBHAv1.0 | C47: =IF(B47="PBHAv1.0","PCB"&TEXT(A47,"yyyymmdd")&"-01",IF(B47="PBHBv1.0","BIH"&TEXT(A47,"yyyymmdd")&"-01",IF(B47="SBCT","SBCT"&TEXT(A47,"yyyymmdd"),IF(B47="SCRA","SCRA"&TEXT(A47,"yyyymmdd"),"")))) -> PCB20251031-01 | D47: 393.6 | E47: 0.006414 | F47: =IF(ISBLANK(B47),"",IF(B47="PBHAv1.0",IF(OR(ISBLANK(D47),ISBLANK(E47)),"",IF(AND(D47>=360,D47<=460,E47<=0.4),"적합","부적합")),IF(ISBLANK(B47),"",IF(B47="PBHBv1.0",IF(OR(ISBLANK(D47),ISBLANK(E47)),"",IF(AND(D47>=240,D47<=400,E47<=0.1),"적합","부적합")),IF(ISBLANK(D47),"",IF(B47="SBCT",IF(AND(D47>=170,D47<=220),"적합","부적합"),IF(B47="SCRA",IF(AND(D47>=50,D47<=70),"적합","부적합"),""))))))) -> 적합
... A58: 45973 | B58: PBHBv1.0 | C58: =IF(B58="PBHAv1.0","PCB"&TEXT(A58,"yyyymmdd")&"-01",IF(B58="PBHBv1.0","BIH"&TEXT(A58,"yyyymmdd")&"-01",IF(B58="SBCT","SBCT"&TEXT(A58,"yyyymmdd"),IF(B58="SCRA","SCRA"&TEXT(A58,"yyyymmdd"),"")))) -> BIH20251112-01 | D58: 344.5 | E58: 0.008406 | F58: =IF(ISBLANK(B58),"",IF(B58="PBHAv1.0",IF(OR(ISBLANK(D58),ISBLANK(E58)),"",IF(AND(D58>=360,D58<=460,E58<=0.4),"적합","부적합")),IF(ISBLANK(B58),"",IF(B58="PBHBv1.0",IF(OR(ISBLANK(D58),ISBLANK(E58)),"",IF(AND(D58>=240,D58<=400,E58<=0.1),"적합","부적합")),IF(ISBLANK(D58),"",IF(B58="SBCT",IF(AND(D58>=170,D58<=220),"적합","부적합"),IF(B58="SCRA",IF(AND(D58>=50,D58<=70),"적합","부적합"),""))))))) -> 적합
A59: 45975 | B59: PBHAv1.0 | C59: PCB20251114-01 | D59: 386.8 | E59: 0.008987 | F59: =IF(ISBLANK(B59),"",IF(B59="PBHAv1.0",IF(OR(ISBLANK(D59),ISBLANK(E59)),"",IF(AND(D59>=360,D59<=460,E59<=0.4),"적합","부적합")),IF(ISBLANK(B59),"",IF(B59="PBHBv1.0",IF(OR(ISBLANK(D59),ISBLANK(E59)),"",IF(AND(D59>=240,D59<=400,E59<=0.1),"적합","부적합")),IF(ISBLANK(D59),"",IF(B59="SBCT",IF(AND(D59>=170,D59<=220),"적합","부적합"),IF(B59="SCRA",IF(AND(D59>=50,D59<=70),"적합","부적합"),""))))))) -> 적합
A60: 45978 | B60: PBHAv1.0 | C60: PCB20251117-01 | D60: 435.6 | E60: 0.009419 | F60: =IF(ISBLANK(B60),"",IF(B60="PBHAv1.0",IF(OR(ISBLANK(D60),ISBLANK(E60)),"",IF(AND(D60>=360,D60<=460,E60<=0.4),"적합","부적합")),IF(ISBLANK(D60),"",IF(B60="SBCT",IF(AND(D60>=170,D60<=220),"적합","부적합"),IF(B60="SCRA",IF(AND(D60>=50,D60<=70),"적합","부적합"),""))))) -> 적합
A61: 45978 | B61: PBHAv1.0 | C61: PCB20251117-02 | D61: 448 | E61: 0.012987 | F61: =IF(ISBLANK(B61),"",IF(B61="PBHAv1.0",IF(OR(ISBLANK(D61),ISBLANK(E61)),"",IF(AND(D61>=360,D61<=460,E61<=0.4),"적합","부적합")),IF(ISBLANK(B61),"",IF(B61="PBHBv1.0",IF(OR(ISBLANK(D61),ISBLANK(E61)),"",IF(AND(D61>=240,D61<=400,E61<=0.1),"적합","부적합")),IF(ISBLANK(D61),"",IF(B61="SBCT",IF(AND(D61>=170,D61<=220),"적합","부적합"),IF(B61="SCRA",IF(AND(D61>=50,D61<=70),"적합","부적합"),""))))))) -> 적합
A62: 45980 | B62: PBHAv1.0 | C62: PCB20251119-01 | D62: 446.4 | E62: 0.00884 | F62: =IF(ISBLANK(B62),"",IF(B62="PBHAv1.0",IF(OR(ISBLANK(D62),ISBLANK(E62)),"",IF(AND(D62>=360,D62<=460,E62<=0.4),"적합","부적합")),IF(ISBLANK(B62),"",IF(B62="PBHBv1.0",IF(OR(ISBLANK(D62),ISBLANK(E62)),"",IF(AND(D62>=240,D62<=400,E62<=0.1),"적합","부적합")),IF(ISBLANK(D62),"",IF(B62="SBCT",IF(AND(D62>=170,D62<=220),"적합","부적합"),IF(B62="SCRA",IF(AND(D62>=50,D62<=70),"적합","부적합"),""))))))) -> 적합
A63: 45980 | B63: PBHAv1.0 | C63: PCB20251119-02 | D63: 434.4 | E63: 0.006604 | F63: =IF(ISBLANK(B63),"",IF(B63="PBHAv1.0",IF(OR(ISBLANK(D63),ISBLANK(E63)),"",IF(AND(D63>=360,D63<=460,E63<=0.4),"적합","부적합")),IF(ISBLANK(D63),"",IF(B63="SBCT",IF(AND(D63>=170,D63<=220),"적합","부적합"),IF(B63="SCRA",IF(AND(D63>=50,D63<=70),"적합","부적합"),""))))) -> 적합
A64: 45982 | B64: PBHAv1.0 | C64: PCB20251121-01 | D64: 414 | E64: 0.004949 | F64: =IF(ISBLANK(B64),"",IF(B64="PBHAv1.0",IF(OR(ISBLANK(D64),ISBLANK(E64)),"",IF(AND(D64>=360,D64<=460,E64<=0.4),"적합","부적합")),IF(ISBLANK(B64),"",IF(B64="PBHBv1.0",IF(OR(ISBLANK(D64),ISBLANK(E64)),"",IF(AND(D64>=240,D64<=400,E64<=0.1),"적합","부적합")),IF(ISBLANK(D64),"",IF(B64="SBCT",IF(AND(D64>=170,D64<=220),"적합","부적합"),IF(B64="SCRA",IF(AND(D64>=50,D64<=70),"적합","부적합"),""))))))) -> 적합
A65: 45982 | B65: PBHAv1.0 | C65: PCB20251121-02 | D65: 423.6 | E65: 0.006588 | F65: =IF(ISBLANK(B65),"",IF(B65="PBHAv1.0",IF(OR(ISBLANK(D65),ISBLANK(E65)),"",IF(AND(D65>=360,D65<=460,E65<=0.4),"적합","부적합")),IF(ISBLANK(D65),"",IF(B65="SBCT",IF(AND(D65>=170,D65<=220),"적합","부적합"),IF(B65="SCRA",IF(AND(D65>=50,D65<=70),"적합","부적합"),""))))) -> 적합
A66: 45989 | B66: PBHAv1.0 | C66: PCB20251128-01 | D66: 414 | E66: 0.006588 | F66: =IF(ISBLANK(B66),"",IF(B66="PBHAv1.0",IF(OR(ISBLANK(D66),ISBLANK(E66)),"",IF(AND(D66>=360,D66<=460,E66<=0.4),"적합","부적합")),IF(ISBLANK(D66),"",IF(B66="SBCT",IF(AND(D66>=170,D66<=220),"적합","부적합"),IF(B66="SCRA",IF(AND(D66>=50,D66<=70),"적합","부적합"),""))))) -> 적합
A67: 45989 | B67: PBHAv1.0 | C67: PCB20251128-02 | D67: 423.6 | E67: 0.008423 | F67: =IF(ISBLANK(B67),"",IF(B67="PBHAv1.0",IF(OR(ISBLANK(D67),ISBLANK(E67)),"",IF(AND(D67>=360,D67<=460,E67<=0.4),"적합","부적합")),IF(ISBLANK(D67),"",IF(B67="SBCT",IF(AND(D67>=170,D67<=220),"적합","부적합"),IF(B67="SCRA",IF(AND(D67>=50,D67<=70),"적합","부적합"),""))))) -> 적합
A68: 45994 | B68: PBHAv1.0 | C68: PCB20251203-01 | D68: 420 | E68: 0.0039341 | F68: =IF(ISBLANK(B68),"",IF(B68="PBHAv1.0",IF(OR(ISBLANK(D68),ISBLANK(E68)),"",IF(AND(D68>=360,D68<=460,E68<=0.4),"적합","부적합")),IF(ISBLANK(D68),"",IF(B68="SBCT",IF(AND(D68>=170,D68<=220),"적합","부적합"),IF(B68="SCRA",IF(AND(D68>=50,D68<=70),"적합","부적합"),""))))) -> 적합
A69: 45994 | B69: PBHAv1.0 | C69: PCB20251203-02 | D69: 443.6 | E69: 0.0035776 | F69: =IF(ISBLANK(B69),"",IF(B69="PBHAv1.0",IF(OR(ISBLANK(D69),ISBLANK(E69)),"",IF(AND(D69>=360,D69<=460,E69<=0.4),"적합","부적합")),IF(ISBLANK(D69),"",IF(B69="SBCT",IF(AND(D69>=170,D69<=220),"적합","부적합"),IF(B69="SCRA",IF(AND(D69>=50,D69<=70),"적합","부적합"),""))))) -> 적합
A70: 45996 | B70: PBHAv1.0 | C70: PCB20251205-01 | D70: 445.2 | E70: 0.00597286 | F70: =IF(ISBLANK(B70),"",IF(B70="PBHAv1.0",IF(OR(ISBLANK(D70),ISBLANK(E70)),"",IF(AND(D70>=360,D70<=460,E70<=0.4),"적합","부적합")),IF(ISBLANK(D70),"",IF(B70="SBCT",IF(AND(D70>=170,D70<=220),"적합","부적합"),IF(B70="SCRA",IF(AND(D70>=50,D70<=70),"적합","부적합"),""))))) -> 적합
A71: 45996 | B71: PBHAv1.0 | C71: PCB20251205-02 | D71: 444 | E71: 0.00538419 | F71: =IF(ISBLANK(B71),"",IF(B71="PBHAv1.0",IF(OR(ISBLANK(D71),ISBLANK(E71)),"",IF(AND(D71>=360,D71<=460,E71<=0.4),"적합","부적합")),IF(ISBLANK(D71),"",IF(B71="SBCT",IF(AND(D71>=170,D71<=220),"적합","부적합"),IF(B71="SCRA",IF(AND(D71>=50,D71<=70),"적합","부적합"),""))))) -> 적합
A72: 45999 | B72: PBHAv1.0 | C72: PCB20251208-01 | D72: 426 | E72: 0.00578648 | F72: =IF(ISBLANK(B72),"",IF(B72="PBHAv1.0",IF(OR(ISBLANK(D72),ISBLANK(E72)),"",IF(AND(D72>=360,D72<=460,E72<=0.4),"적합","부적합")),IF(ISBLANK(D72),"",IF(B72="SBCT",IF(AND(D72>=170,D72<=220),"적합","부적합"),IF(B72="SCRA",IF(AND(D72>=50,D72<=70),"적합","부적합"),""))))) -> 적합
A73: 45999 | B73: PBHAv1.0 | C73: PCB20251208-02 | D73: 421.6 | E73: 0.00441758 | F73: =IF(ISBLANK(B73),"",IF(B73="PBHAv1.0",IF(OR(ISBLANK(D73),ISBLANK(E73)),"",IF(AND(D73>=360,D73<=460,E73<=0.4),"적합","부적합")),IF(ISBLANK(D73),"",IF(B73="SBCT",IF(AND(D73>=170,D73<=220),"적합","부적합"),IF(B73="SCRA",IF(AND(D73>=50,D73<=70),"적합","부적합"),""))))) -> 적합
A74: 46003 | B74: PBHAv1.0 | C74: PCB20251212-01 | D74: 427.2 | E74: 0.00518 | F74: =IF(ISBLANK(B74),"",IF(B74="PBHAv1.0",IF(OR(ISBLANK(D74),ISBLANK(E74)),"",IF(AND(D74>=360,D74<=460,E74<=0.4),"적합","부적합")),IF(ISBLANK(D74),"",IF(B74="SBCT",IF(AND(D74>=170,D74<=220),"적합","부적합"),IF(B74="SCRA",IF(AND(D74>=50,D74<=70),"적합","부적합"),""))))) -> 적합
A75: 46003 | B75: PBHAv1.0 | C75: PCB20251212-02 | D75: 443.2 | E75: 0.03095 | F75: =IF(ISBLANK(B75),"",IF(B75="PBHAv1.0",IF(OR(ISBLANK(D75),ISBLANK(E75)),"",IF(AND(D75>=360,D75<=460,E75<=0.4),"적합","부적합")),IF(ISBLANK(D75),"",IF(B75="SBCT",IF(AND(D75>=170,D75<=220),"적합","부적합"),IF(B75="SCRA",IF(AND(D75>=50,D75<=70),"적합","부적합"),""))))) -> 적합
A76: 46006 | B76: PBHAv1.0 | C76: PCB20251215-01 | D76: 384.4 | E76: 0.0002 | F76: =IF(ISBLANK(B76),"",IF(B76="PBHAv1.0",IF(OR(ISBLANK(D76),ISBLANK(E76)),"",IF(AND(D76>=360,D76<=460,E76<=0.4),"적합","부적합")),IF(ISBLANK(D76),"",IF(B76="SBCT",IF(AND(D76>=170,D76<=220),"적합","부적합"),IF(B76="SCRA",IF(AND(D76>=50,D76<=70),"적합","부적합"),""))))) -> 적합
... A81: 46013 | B81: PBHAv1.0 | C81: PCB20251222-02 | D81: 414.4 | E81: 0.010206 | F81: =IF(ISBLANK(B81),"",IF(B81="PBHAv1.0",IF(OR(ISBLANK(D81),ISBLANK(E81)),"",IF(AND(D81>=360,D81<=460,E81<=0.4),"적합","부적합")),IF(ISBLANK(D81),"",IF(B81="SBCT",IF(AND(D81>=170,D81<=220),"적합","부적합"),IF(B81="SCRA",IF(AND(D81>=50,D81<=70),"적합","부적합"),""))))) -> 적합
C82: =IF(B82="PBHAv1.0","PCB"&TEXT(A82,"yyyymmdd")&"-01",IF(B82="SBCT","SBCT"&TEXT(A82,"yyyymmdd"),IF(B82="SCRA","SCRA"&TEXT(A82,"yyyymmdd"),""))) | F82: =IF(ISBLANK(B82),"",IF(B82="PBHAv1.0",IF(OR(ISBLANK(D82),ISBLANK(E82)),"",IF(AND(D82>=360,D82<=460,E82<=0.4),"적합","부적합")),IF(ISBLANK(D82),"",IF(B82="SBCT",IF(AND(D82>=170,D82<=220),"적합","부적합"),IF(B82="SCRA",IF(AND(D82>=50,D82<=70),"적합","부적합"),"")))))
C83: =IF(B83="PBHAv1.0","PCB"&TEXT(A83,"yyyymmdd")&"-01",IF(B83="SBCT","SBCT"&TEXT(A83,"yyyymmdd"),IF(B83="SCRA","SCRA"&TEXT(A83,"yyyymmdd"),""))) | F83: =IF(ISBLANK(B83),"",IF(B83="PBHAv1.0",IF(OR(ISBLANK(D83),ISBLANK(E83)),"",IF(AND(D83>=360,D83<=460,E83<=0.4),"적합","부적합")),IF(ISBLANK(D83),"",IF(B83="SBCT",IF(AND(D83>=170,D83<=220),"적합","부적합"),IF(B83="SCRA",IF(AND(D83>=50,D83<=70),"적합","부적합"),"")))))
C84: =IF(B84="PBHAv1.0","PCB"&TEXT(A84,"yyyymmdd")&"-01",IF(B84="SBCT","SBCT"&TEXT(A84,"yyyymmdd"),IF(B84="SCRA","SCRA"&TEXT(A84,"yyyymmdd"),""))) | F84: =IF(ISBLANK(B84),"",IF(B84="PBHAv1.0",IF(OR(ISBLANK(D84),ISBLANK(E84)),"",IF(AND(D84>=360,D84<=460,E84<=0.4),"적합","부적합")),IF(ISBLANK(D84),"",IF(B84="SBCT",IF(AND(D84>=170,D84<=220),"적합","부적합"),IF(B84="SCRA",IF(AND(D84>=50,D84<=70),"적합","부적합"),"")))))
C85: =IF(B85="PBHAv1.0","PCB"&TEXT(A85,"yyyymmdd")&"-01",IF(B85="SBCT","SBCT"&TEXT(A85,"yyyymmdd"),IF(B85="SCRA","SCRA"&TEXT(A85,"yyyymmdd"),""))) | F85: =IF(ISBLANK(B85),"",IF(B85="PBHAv1.0",IF(OR(ISBLANK(D85),ISBLANK(E85)),"",IF(AND(D85>=360,D85<=460,E85<=0.4),"적합","부적합")),IF(ISBLANK(D85),"",IF(B85="SBCT",IF(AND(D85>=170,D85<=220),"적합","부적합"),IF(B85="SCRA",IF(AND(D85>=50,D85<=70),"적합","부적합"),"")))))
C86: =IF(B86="PBHAv1.0","PCB"&TEXT(A86,"yyyymmdd")&"-01",IF(B86="SBCT","SBCT"&TEXT(A86,"yyyymmdd"),IF(B86="SCRA","SCRA"&TEXT(A86,"yyyymmdd"),""))) | F86: =IF(ISBLANK(B86),"",IF(B86="PBHAv1.0",IF(OR(ISBLANK(D86),ISBLANK(E86)),"",IF(AND(D86>=360,D86<=460,E86<=0.4),"적합","부적합")),IF(ISBLANK(D86),"",IF(B86="SBCT",IF(AND(D86>=170,D86<=220),"적합","부적합"),IF(B86="SCRA",IF(AND(D86>=50,D86<=70),"적합","부적합"),"")))))
C87: =IF(B87="PBHAv1.0","PCB"&TEXT(A87,"yyyymmdd")&"-01",IF(B87="SBCT","SBCT"&TEXT(A87,"yyyymmdd"),IF(B87="SCRA","SCRA"&TEXT(A87,"yyyymmdd"),""))) | F87: =IF(ISBLANK(B87),"",IF(B87="PBHAv1.0",IF(OR(ISBLANK(D87),ISBLANK(E87)),"",IF(AND(D87>=360,D87<=460,E87<=0.4),"적합","부적합")),IF(ISBLANK(D87),"",IF(B87="SBCT",IF(AND(D87>=170,D87<=220),"적합","부적합"),IF(B87="SCRA",IF(AND(D87>=50,D87<=70),"적합","부적합"),"")))))
C88: =IF(B88="PBHAv1.0","PCB"&TEXT(A88,"yyyymmdd")&"-01",IF(B88="SBCT","SBCT"&TEXT(A88,"yyyymmdd"),IF(B88="SCRA","SCRA"&TEXT(A88,"yyyymmdd"),""))) | F88: =IF(ISBLANK(B88),"",IF(B88="PBHAv1.0",IF(OR(ISBLANK(D88),ISBLANK(E88)),"",IF(AND(D88>=360,D88<=460,E88<=0.4),"적합","부적합")),IF(ISBLANK(D88),"",IF(B88="SBCT",IF(AND(D88>=170,D88<=220),"적합","부적합"),IF(B88="SCRA",IF(AND(D88>=50,D88<=70),"적합","부적합"),"")))))
C89: =IF(B89="PBHAv1.0","PCB"&TEXT(A89,"yyyymmdd")&"-01",IF(B89="SBCT","SBCT"&TEXT(A89,"yyyymmdd"),IF(B89="SCRA","SCRA"&TEXT(A89,"yyyymmdd"),""))) | F89: =IF(ISBLANK(B89),"",IF(B89="PBHAv1.0",IF(OR(ISBLANK(D89),ISBLANK(E89)),"",IF(AND(D89>=360,D89<=460,E89<=0.4),"적합","부적합")),IF(ISBLANK(D89),"",IF(B89="SBCT",IF(AND(D89>=170,D89<=220),"적합","부적합"),IF(B89="SCRA",IF(AND(D89>=50,D89<=70),"적합","부적합"),"")))))
C90: =IF(B90="PBHAv1.0","PCB"&TEXT(A90,"yyyymmdd")&"-01",IF(B90="SBCT","SBCT"&TEXT(A90,"yyyymmdd"),IF(B90="SCRA","SCRA"&TEXT(A90,"yyyymmdd"),""))) | F90: =IF(ISBLANK(B90),"",IF(B90="PBHAv1.0",IF(OR(ISBLANK(D90),ISBLANK(E90)),"",IF(AND(D90>=360,D90<=460,E90<=0.4),"적합","부적합")),IF(ISBLANK(D90),"",IF(B90="SBCT",IF(AND(D90>=170,D90<=220),"적합","부적합"),IF(B90="SCRA",IF(AND(D90>=50,D90<=70),"적합","부적합"),"")))))
C91: =IF(B91="PBHAv1.0","PCB"&TEXT(A91,"yyyymmdd")&"-01",IF(B91="SBCT","SBCT"&TEXT(A91,"yyyymmdd"),IF(B91="SCRA","SCRA"&TEXT(A91,"yyyymmdd"),""))) | F91: =IF(ISBLANK(B91),"",IF(B91="PBHAv1.0",IF(OR(ISBLANK(D91),ISBLANK(E91)),"",IF(AND(D91>=360,D91<=460,E91<=0.4),"적합","부적합")),IF(ISBLANK(D91),"",IF(B91="SBCT",IF(AND(D91>=170,D91<=220),"적합","부적합"),IF(B91="SCRA",IF(AND(D91>=50,D91<=70),"적합","부적합"),"")))))
C92: =IF(B92="PBHAv1.0","PCB"&TEXT(A92,"yyyymmdd")&"-01",IF(B92="SBCT","SBCT"&TEXT(A92,"yyyymmdd"),IF(B92="SCRA","SCRA"&TEXT(A92,"yyyymmdd"),""))) | F92: =IF(ISBLANK(B92),"",IF(B92="PBHAv1.0",IF(OR(ISBLANK(D92),ISBLANK(E92)),"",IF(AND(D92>=360,D92<=460,E92<=0.4),"적합","부적합")),IF(ISBLANK(D92),"",IF(B92="SBCT",IF(AND(D92>=170,D92<=220),"적합","부적합"),IF(B92="SCRA",IF(AND(D92>=50,D92<=70),"적합","부적합"),"")))))
C93: =IF(B93="PBHAv1.0","PCB"&TEXT(A93,"yyyymmdd")&"-01",IF(B93="SBCT","SBCT"&TEXT(A93,"yyyymmdd"),IF(B93="SCRA","SCRA"&TEXT(A93,"yyyymmdd"),""))) | F93: =IF(ISBLANK(B93),"",IF(B93="PBHAv1.0",IF(OR(ISBLANK(D93),ISBLANK(E93)),"",IF(AND(D93>=360,D93<=460,E93<=0.4),"적합","부적합")),IF(ISBLANK(D93),"",IF(B93="SBCT",IF(AND(D93>=170,D93<=220),"적합","부적합"),IF(B93="SCRA",IF(AND(D93>=50,D93<=70),"적합","부적합"),"")))))
... C2010: =IF(B2010="PBHAv1.0","PCB"&TEXT(A2010,"yyyymmdd")&"-01",IF(B2010="SBCT","SBCT"&TEXT(A2010,"yyyymmdd"),IF(B2010="SCRA","SCRA"&TEXT(A2010,"yyyymmdd"),""))) | F2010: =IF(ISBLANK(B2010),"",IF(B2010="PBHAv1.0",IF(OR(ISBLANK(D2010),ISBLANK(E2010)),"",IF(AND(D2010>=360,D2010<=460,E2010<=0.4),"적합","부적합")),IF(ISBLANK(D2010),"",IF(B2010="SBCT",IF(AND(D2010>=170,D2010<=220),"적합","부적합"),IF(B2010="SCRA",IF(AND(D2010>=50,D2010<=70),"적합","부적합"),"")))))
A2011: 45762 | B2011: PBHAv1.0 | D2011: 420 | E2011: 0.35
A2012: 45973 | B2012: SBCT | D2012: 190
A2013: 45973 | B2013: SCRA | D2013: 55

Sheet 단일색_수입검사
A1: 입고일 | B1: 잉크타입 (HEMA/Silicone) | C1: 색상군 | D1: 제품코드 | E1: 단일색잉크 Lot | F1: 사용된 바인더 Lot | G1: 바인더제조처 (내부/외주) | H1: BinderType(자동) | I1: 점도측정값(cP) | J1: 점도하한 | K1: 점도상한 | L1: 점도판정 | M1: 착색력_L* | N1: 착색력_a* | O1: 착색력_b* | P1: 비고
A2: 45862 | B2: HEMA | C2: Black | D2: PL-850 | E2: =IF(D2="","",IF(B2="Silicone", "SL" & IF(C2="Black","B",IF(C2="White","W",IF(C2="Blue","U",IF(C2="Green","G",IF(C2="Yellow","Y",IF(C2="Red","R",IF(C2="Pink","P",""))))))) & TEXT(A2,"yymmdd") & "01",IF(LEFT(D2,3)="NPL","NPL","PL") & IF(C2="Black","B",IF(C2="White","W",IF(C2="Blue","U",IF(C2="Green","G",IF(C2="Yellow","Y",IF(C2="Red","R",IF(C2="Pink","P",""))))))) & TEXT(A2,"yymmdd") & "01")) -> PLB25072401 | G2: 외주 | H2: =VLOOKUP(D2,'Spec_Single_H&S'!$B$2:$G$42,6,FALSE) -> PBHAv1.0 | J2: =VLOOKUP(D2,'Spec_Single_H&S'!$B$2:$G$42,4,FALSE) -> 60000 | K2: =VLOOKUP(D2,'Spec_Single_H&S'!$B$2:$G$42,5,FALSE) -> 90000 | L2: =IF(AND(NOT(ISBLANK(I2)),I2>=J2,I2<=K2),"적합",IF(ISBLANK(I2),"", "부적합"))
A3: 45883 | B3: HEMA | C3: Blue | D3: PL-580-2(H) | E3: =IF(D3="","",IF(B3="Silicone", "SL" & IF(C3="Black","B",IF(C3="White","W",IF(C3="Blue","U",IF(C3="Green","G",IF(C3="Yellow","Y",IF(C3="Red","R",IF(C3="Pink","P",""))))))) & TEXT(A3,"yymmdd") & "01",IF(LEFT(D3,3)="NPL","NPL","PL") & IF(C3="Black","B",IF(C3="White","W",IF(C3="Blue","U",IF(C3="Green","G",IF(C3="Yellow","Y",IF(C3="Red","R",IF(C3="Pink","P",""))))))) & TEXT(A3,"yymmdd") & "01")) -> PLU25081401 | G3: 외주 | H3: =VLOOKUP(D3,'Spec_Single_H&S'!$B$2:$G$42,6,FALSE) -> PBHAv1.0 | I3: 116900 | J3: =VLOOKUP(D3,'Spec_Single_H&S'!$B$2:$G$42,4,FALSE) -> 53000 | K3: =VLOOKUP(D3,'Spec_Single_H&S'!$B$2:$G$42,5,FALSE) -> 73000 | L3: =IF(AND(NOT(ISBLANK(I3)),I3>=J3,I3<=K3),"적합",IF(ISBLANK(I3),"", "부적합")) -> 부적합 | M3: 11.64 | N3: 6.56 | O3: -23.38
A4: 45883 | B4: HEMA | C4: Blue | D4: NPL-580-2 | E4: =IF(D4="","",IF(B4="Silicone", "SL" & IF(C4="Black","B",IF(C4="White","W",IF(C4="Blue","U",IF(C4="Green","G",IF(C4="Yellow","Y",IF(C4="Red","R",IF(C4="Pink","P",""))))))) & TEXT(A4,"yymmdd") & "01",IF(LEFT(D4,3)="NPL","NPL","PL") & IF(C4="Black","B",IF(C4="White","W",IF(C4="Blue","U",IF(C4="Green","G",IF(C4="Yellow","Y",IF(C4="Red","R",IF(C4="Pink","P",""))))))) & TEXT(A4,"yymmdd") & "01")) -> NPLU25081401 | G4: 외주 | H4: =VLOOKUP(D4,'Spec_Single_H&S'!$B$2:$G$42,6,FALSE) -> PBHBv1.0 | I4: 107600 | J4: =VLOOKUP(D4,'Spec_Single_H&S'!$B$2:$G$42,4,FALSE) -> 53000 | K4: =VLOOKUP(D4,'Spec_Single_H&S'!$B$2:$G$42,5,FALSE) -> 73000 | L4: =IF(AND(NOT(ISBLANK(I4)),I4>=J4,I4<=K4),"적합",IF(ISBLANK(I4),"", "부적합")) -> 부적합 | M4: 10.17 | N4: 6.85 | O4: -23.79
A5: 45889 | B5: HEMA | C5: Blue | D5: PL-550 | E5: =IF(D5="","",IF(B5="Silicone", "SL" & IF(C5="Black","B",IF(C5="White","W",IF(C5="Blue","U",IF(C5="Green","G",IF(C5="Yellow","Y",IF(C5="Red","R",IF(C5="Pink","P",""))))))) & TEXT(A5,"yymmdd") & "01",IF(LEFT(D5,3)="NPL","NPL","PL") & IF(C5="Black","B",IF(C5="White","W",IF(C5="Blue","U",IF(C5="Green","G",IF(C5="Yellow","Y",IF(C5="Red","R",IF(C5="Pink","P",""))))))) & TEXT(A5,"yymmdd") & "01")) -> PLU25082001 | G5: 외주 | H5: =VLOOKUP(D5,'Spec_Single_H&S'!$B$2:$G$42,6,FALSE) -> PBHAv1.0 | I5: 32740 | J5: =VLOOKUP(D5,'Spec_Single_H&S'!$B$2:$G$42,4,FALSE) -> 30000 | K5: =VLOOKUP(D5,'Spec_Single_H&S'!$B$2:$G$42,5,FALSE) -> 40000 | L5: =IF(AND(NOT(ISBLANK(I5)),I5>=J5,I5<=K5),"적합",IF(ISBLANK(I5),"", "부적합")) -> 적합 | M5: 7.91 | N5: 5.95 | O5: -31.82
A6: 45894 | B6: HEMA | C6: Blue | D6: PL-580-2 | E6: =IF(D6="","",IF(B6="Silicone", "SL" & IF(C6="Black","B",IF(C6="White","W",IF(C6="Blue","U",IF(C6="Green","G",IF(C6="Yellow","Y",IF(C6="Red","R",IF(C6="Pink","P",""))))))) & TEXT(A6,"yymmdd") & "01",IF(LEFT(D6,3)="NPL","NPL","PL") & IF(C6="Black","B",IF(C6="White","W",IF(C6="Blue","U",IF(C6="Green","G",IF(C6="Yellow","Y",IF(C6="Red","R",IF(C6="Pink","P",""))))))) & TEXT(A6,"yymmdd") & "01")) -> PLU25082501 | G6: 외주 | H6: =VLOOKUP(D6,'Spec_Single_H&S'!$B$2:$G$42,6,FALSE) -> PBHAv1.0 | I6: 83290 | J6: =VLOOKUP(D6,'Spec_Single_H&S'!$B$2:$G$42,4,FALSE) -> 53000 | K6: =VLOOKUP(D6,'Spec_Single_H&S'!$B$2:$G$42,5,FALSE) -> 73000 | L6: =IF(AND(NOT(ISBLANK(I6)),I6>=J6,I6<=K6),"적합",IF(ISBLANK(I6),"", "부적합")) -> 부적합 | M6: 9.09 | N6: 6.33 | O6: -24.22
A7: 45912 | B7: HEMA | C7: Black | D7: NPL-835-1 | E7: =IF(D7="","",IF(B7="Silicone", "SL" & IF(C7="Black","B",IF(C7="White","W",IF(C7="Blue","U",IF(C7="Green","G",IF(C7="Yellow","Y",IF(C7="Red","R",IF(C7="Pink","P",""))))))) & TEXT(A7,"yymmdd") & "01",IF(LEFT(D7,3)="NPL","NPL","PL") & IF(C7="Black","B",IF(C7="White","W",IF(C7="Blue","U",IF(C7="Green","G",IF(C7="Yellow","Y",IF(C7="Red","R",IF(C7="Pink","P",""))))))) & TEXT(A7,"yymmdd") & "01")) -> NPLB25091201 | G7: 외주 | H7: =VLOOKUP(D7,'Spec_Single_H&S'!$B$2:$G$42,6,FALSE) -> PBHBv1.0 | I7: 109800 | J7: =VLOOKUP(D7,'Spec_Single_H&S'!$B$2:$G$42,4,FALSE) -> 60000 | K7: =VLOOKUP(D7,'Spec_Single_H&S'!$B$2:$G$42,5,FALSE) -> 90000 | L7: =IF(AND(NOT(ISBLANK(I7)),I7>=J7,I7<=K7),"적합",IF(ISBLANK(I7),"", "부적합")) -> 부적합 | M7: 13.17 | N7: 0.21 | O7: 0.31
A8: 45912 | B8: HEMA | C8: Red | D8: NPL-150-2 | E8: =IF(D8="","",IF(B8="Silicone", "SL" & IF(C8="Black","B",IF(C8="White","W",IF(C8="Blue","U",IF(C8="Green","G",IF(C8="Yellow","Y",IF(C8="Red","R",IF(C8="Pink","P",""))))))) & TEXT(A8,"yymmdd") & "01",IF(LEFT(D8,3)="NPL","NPL","PL") & IF(C8="Black","B",IF(C8="White","W",IF(C8="Blue","U",IF(C8="Green","G",IF(C8="Yellow","Y",IF(C8="Red","R",IF(C8="Pink","P",""))))))) & TEXT(A8,"yymmdd") & "01")) -> NPLR25091201 | G8: 외주 | H8: =VLOOKUP(D8,'Spec_Single_H&S'!$B$2:$G$42,6,FALSE) -> PBHBv1.0 | I8: 11570 | J8: =VLOOKUP(D8,'Spec_Single_H&S'!$B$2:$G$42,4,FALSE) -> 6000 | K8: =VLOOKUP(D8,'Spec_Single_H&S'!$B$2:$G$42,5,FALSE) -> 16000 | L8: =IF(AND(NOT(ISBLANK(I8)),I8>=J8,I8<=K8),"적합",IF(ISBLANK(I8),"", "부적합")) -> 적합 | M8: 42.05 | N8: 57.59 | O8: 48.75
A9: 45912 | B9: HEMA | C9: Yellow | D9: NPL-345-2 | E9: =IF(D9="","",IF(B9="Silicone", "SL" & IF(C9="Black","B",IF(C9="White","W",IF(C9="Blue","U",IF(C9="Green","G",IF(C9="Yellow","Y",IF(C9="Red","R",IF(C9="Pink","P",""))))))) & TEXT(A9,"yymmdd") & "01",IF(LEFT(D9,3)="NPL","NPL","PL") & IF(C9="Black","B",IF(C9="White","W",IF(C9="Blue","U",IF(C9="Green","G",IF(C9="Yellow","Y",IF(C9="Red","R",IF(C9="Pink","P",""))))))) & TEXT(A9,"yymmdd") & "01")) -> NPLY25091201 | G9: 외주 | H9: =VLOOKUP(D9,'Spec_Single_H&S'!$B$2:$G$42,6,FALSE) -> PBHBv1.0 | I9: 51510 | J9: =VLOOKUP(D9,'Spec_Single_H&S'!$B$2:$G$42,4,FALSE) -> 20000 | K9: =VLOOKUP(D9,'Spec_Single_H&S'!$B$2:$G$42,5,FALSE) -> 30000 | L9: =IF(AND(NOT(ISBLANK(I9)),I9>=J9,I9<=K9),"적합",IF(ISBLANK(I9),"", "부적합")) -> 부적합 | M9: 79.22 | N9: 33.76 | O9: 113.62
A10: 45919 | B10: HEMA | C10: Blue | D10: NPL-580-2 | E10: =IF(D10="","",IF(B10="Silicone", "SL" & IF(C10="Black","B",IF(C10="White","W",IF(C10="Blue","U",IF(C10="Green","G",IF(C10="Yellow","Y",IF(C10="Red","R",IF(C10="Pink","P",""))))))) & TEXT(A10,"yymmdd") & "01",IF(LEFT(D10,3)="NPL","NPL","PL") & IF(C10="Black","B",IF(C10="White","W",IF(C10="Blue","U",IF(C10="Green","G",IF(C10="Yellow","Y",IF(C10="Red","R",IF(C10="Pink","P",""))))))) & TEXT(A10,"yymmdd") & "01")) -> NPLU25091901 | G10: 외주 | H10: =VLOOKUP(D10,'Spec_Single_H&S'!$B$2:$G$42,6,FALSE) -> PBHBv1.0 | I10: 81690 | J10: =VLOOKUP(D10,'Spec_Single_H&S'!$B$2:$G$42,4,FALSE) -> 53000 | K10: =VLOOKUP(D10,'Spec_Single_H&S'!$B$2:$G$42,5,FALSE) -> 73000 | L10: =IF(AND(NOT(ISBLANK(I10)),I10>=J10,I10<=K10),"적합",IF(ISBLANK(I10),"", "부적합")) -> 부적합 | M10: 11.51 | N10: 7.22 | O10: -27.83
A11: 45923 | B11: HEMA | C11: Blue | D11: PL-580-2(H) | E11: =IF(D11="","",IF(B11="Silicone", "SL" & IF(C11="Black","B",IF(C11="White","W",IF(C11="Blue","U",IF(C11="Green","G",IF(C11="Yellow","Y",IF(C11="Red","R",IF(C11="Pink","P",""))))))) & TEXT(A11,"yymmdd") & "01",IF(LEFT(D11,3)="NPL","NPL","PL") & IF(C11="Black","B",IF(C11="White","W",IF(C11="Blue","U",IF(C11="Green","G",IF(C11="Yellow","Y",IF(C11="Red","R",IF(C11="Pink","P",""))))))) & TEXT(A11,"yymmdd") & "01")) -> PLU25092301 | G11: 외주 | H11: =VLOOKUP(D11,'Spec_Single_H&S'!$B$2:$G$42,6,FALSE) -> PBHAv1.0 | I11: 95910 | J11: =VLOOKUP(D11,'Spec_Single_H&S'!$B$2:$G$42,4,FALSE) -> 53000 | K11: =VLOOKUP(D11,'Spec_Single_H&S'!$B$2:$G$42,5,FALSE) -> 73000 | L11: =IF(AND(NOT(ISBLANK(I11)),I11>=J11,I11<=K11),"적합",IF(ISBLANK(I11),"", "부적합")) -> 부적합 | M11: 9.99 | N11: 6.59 | O11: -24.97
A12: 45925 | B12: HEMA | C12: Blue | D12: PL-580-2(H) | E12: =IF(D12="","",IF(B12="Silicone", "SL" & IF(C12="Black","B",IF(C12="White","W",IF(C12="Blue","U",IF(C12="Green","G",IF(C12="Yellow","Y",IF(C12="Red","R",IF(C12="Pink","P",""))))))) & TEXT(A12,"yymmdd") & "01",IF(LEFT(D12,3)="NPL","NPL","PL") & IF(C12="Black","B",IF(C12="White","W",IF(C12="Blue","U",IF(C12="Green","G",IF(C12="Yellow","Y",IF(C12="Red","R",IF(C12="Pink","P",""))))))) & TEXT(A12,"yymmdd") & "01")) -> PLU25092501 | G12: 외주 | H12: =VLOOKUP(D12,'Spec_Single_H&S'!$B$2:$G$42,6,FALSE) -> PBHAv1.0 | I12: 104000 | J12: =VLOOKUP(D12,'Spec_Single_H&S'!$B$2:$G$42,4,FALSE) -> 53000 | K12: =VLOOKUP(D12,'Spec_Single_H&S'!$B$2:$G$42,5,FALSE) -> 73000 | L12: =IF(AND(NOT(ISBLANK(I12)),I12>=J12,I12<=K12),"적합",IF(ISBLANK(I12),"", "부적합")) -> 부적합 | M12: 12.16 | N12: 6.49 | O12: -22.52
A13: 45930 | B13: HEMA | C13: Blue | D13: PL-550 | E13: =IF(D13="","",IF(B13="Silicone", "SL" & IF(C13="Black","B",IF(C13="White","W",IF(C13="Blue","U",IF(C13="Green","G",IF(C13="Yellow","Y",IF(C13="Red","R",IF(C13="Pink","P",""))))))) & TEXT(A13,"yymmdd") & "01",IF(LEFT(D13,3)="NPL","NPL","PL") & IF(C13="Black","B",IF(C13="White","W",IF(C13="Blue","U",IF(C13="Green","G",IF(C13="Yellow","Y",IF(C13="Red","R",IF(C13="Pink","P",""))))))) & TEXT(A13,"yymmdd") & "01")) -> PLU25093001 | G13: 외주 | H13: =VLOOKUP(D13,'Spec_Single_H&S'!$B$2:$G$42,6,FALSE) -> PBHAv1.0 | I13: 13720 | J13: =VLOOKUP(D13,'Spec_Single_H&S'!$B$2:$G$42,4,FALSE) -> 30000 | K13: =VLOOKUP(D13,'Spec_Single_H&S'!$B$2:$G$42,5,FALSE) -> 40000 | L13: =IF(AND(NOT(ISBLANK(I13)),I13>=J13,I13<=K13),"적합",IF(ISBLANK(I13),"", "부적합")) -> 부적합
A14: 45930 | B14: HEMA | C14: Yellow | D14: NPL-345-3 | E14: =IF(D14="","",IF(B14="Silicone", "SL" & IF(C14="Black","B",IF(C14="White","W",IF(C14="Blue","U",IF(C14="Green","G",IF(C14="Yellow","Y",IF(C14="Red","R",IF(C14="Pink","P",""))))))) & TEXT(A14,"yymmdd") & "01",IF(LEFT(D14,3)="NPL","NPL","PL") & IF(C14="Black","B",IF(C14="White","W",IF(C14="Blue","U",IF(C14="Green","G",IF(C14="Yellow","Y",IF(C14="Red","R",IF(C14="Pink","P",""))))))) & TEXT(A14,"yymmdd") & "01")) -> NPLY25093001 | G14: 외주 | H14: =VLOOKUP(D14,'Spec_Single_H&S'!$B$2:$G$42,6,FALSE) -> PBHBv1.0 | I14: 39200 | J14: =VLOOKUP(D14,'Spec_Single_H&S'!$B$2:$G$42,4,FALSE) -> 20000 | K14: =VLOOKUP(D14,'Spec_Single_H&S'!$B$2:$G$42,5,FALSE) -> 30000 | L14: =IF(AND(NOT(ISBLANK(I14)),I14>=J14,I14<=K14),"적합",IF(ISBLANK(I14),"", "부적합")) -> 부적합 | M14: 80.69 | N14: 31.24 | O14: 116.42
A15: 45930 | B15: HEMA | C15: White | D15: NPL-700-2 | E15: =IF(D15="","",IF(B15="Silicone", "SL" & IF(C15="Black","B",IF(C15="White","W",IF(C15="Blue","U",IF(C15="Green","G",IF(C15="Yellow","Y",IF(C15="Red","R",IF(C15="Pink","P",""))))))) & TEXT(A15,"yymmdd") & "01",IF(LEFT(D15,3)="NPL","NPL","PL") & IF(C15="Black","B",IF(C15="White","W",IF(C15="Blue","U",IF(C15="Green","G",IF(C15="Yellow","Y",IF(C15="Red","R",IF(C15="Pink","P",""))))))) & TEXT(A15,"yymmdd") & "01")) -> NPLW25093001 | G15: 외주 | H15: =VLOOKUP(D15,'Spec_Single_H&S'!$B$2:$G$42,6,FALSE) -> PBHBv1.0 | I15: 14300 | J15: =VLOOKUP(D15,'Spec_Single_H&S'!$B$2:$G$42,4,FALSE) -> 14000 | K15: =VLOOKUP(D15,'Spec_Single_H&S'!$B$2:$G$42,5,FALSE) -> 24000 | L15: =IF(AND(NOT(ISBLANK(I15)),I15>=J15,I15<=K15),"적합",IF(ISBLANK(I15),"", "부적합")) -> 적합 | M15: 95.71 | N15: -0.03 | O15: 3.02
A16: 45930 | B16: HEMA | C16: White | D16: NPL-735 | E16: =IF(D16="","",IF(B16="Silicone", "SL" & IF(C16="Black","B",IF(C16="White","W",IF(C16="Blue","U",IF(C16="Green","G",IF(C16="Yellow","Y",IF(C16="Red","R",IF(C16="Pink","P",""))))))) & TEXT(A16,"yymmdd") & "01",IF(LEFT(D16,3)="NPL","NPL","PL") & IF(C16="Black","B",IF(C16="White","W",IF(C16="Blue","U",IF(C16="Green","G",IF(C16="Yellow","Y",IF(C16="Red","R",IF(C16="Pink","P",""))))))) & TEXT(A16,"yymmdd") & "01")) -> NPLW25093001 | G16: 외주 | H16: =VLOOKUP(D16,'Spec_Single_H&S'!$B$2:$G$42,6,FALSE) -> PBHBv1.0 | I16: 18500 | J16: =VLOOKUP(D16,'Spec_Single_H&S'!$B$2:$G$42,4,FALSE) -> 11000 | K16: =VLOOKUP(D16,'Spec_Single_H&S'!$B$2:$G$42,5,FALSE) -> 21000 | L16: =IF(AND(NOT(ISBLANK(I16)),I16>=J16,I16<=K16),"적합",IF(ISBLANK(I16),"", "부적합")) -> 적합 | M16: 94.08 | N16: 0.24 | O16: 2.57
A17: 45952 | B17: HEMA | C17: Blue | D17: PL-580-2 | E17: =IF(D17="","",IF(B17="Silicone", "SL" & IF(C17="Black","B",IF(C17="White","W",IF(C17="Blue","U",IF(C17="Green","G",IF(C17="Yellow","Y",IF(C17="Red","R",IF(C17="Pink","P",""))))))) & TEXT(A17,"yymmdd") & "01",IF(LEFT(D17,3)="NPL","NPL","PL") & IF(C17="Black","B",IF(C17="White","W",IF(C17="Blue","U",IF(C17="Green","G",IF(C17="Yellow","Y",IF(C17="Red","R",IF(C17="Pink","P",""))))))) & TEXT(A17,"yymmdd") & "01")) -> PLU25102201 | G17: 외주 | H17: =VLOOKUP(D17,'Spec_Single_H&S'!$B$2:$G$42,6,FALSE) -> PBHAv1.0 | I17: 74530 | J17: =VLOOKUP(D17,'Spec_Single_H&S'!$B$2:$G$42,4,FALSE) -> 53000 | K17: =VLOOKUP(D17,'Spec_Single_H&S'!$B$2:$G$42,5,FALSE) -> 73000 | L17: =IF(AND(NOT(ISBLANK(I17)),I17>=J17,I17<=K17),"적합",IF(ISBLANK(I17),"", "부적합")) -> 부적합
A18: 45953 | B18: HEMA | C18: Black | D18: PL-835-1 | E18: =IF(D18="","",IF(B18="Silicone", "SL" & IF(C18="Black","B",IF(C18="White","W",IF(C18="Blue","U",IF(C18="Green","G",IF(C18="Yellow","Y",IF(C18="Red","R",IF(C18="Pink","P",""))))))) & TEXT(A18,"yymmdd") & "01",IF(LEFT(D18,3)="NPL","NPL","PL") & IF(C18="Black","B",IF(C18="White","W",IF(C18="Blue","U",IF(C18="Green","G",IF(C18="Yellow","Y",IF(C18="Red","R",IF(C18="Pink","P",""))))))) & TEXT(A18,"yymmdd") & "01")) -> PLB25102301 | F18: PCB20250930-01 | G18: 외주 | H18: =VLOOKUP(D18,'Spec_Single_H&S'!$B$2:$G$42,6,FALSE) -> PBHAv1.0 | I18: 55150 | J18: =VLOOKUP(D18,'Spec_Single_H&S'!$B$2:$G$42,4,FALSE) -> 60000 | K18: =VLOOKUP(D18,'Spec_Single_H&S'!$B$2:$G$42,5,FALSE) -> 90000 | L18: =IF(AND(NOT(ISBLANK(I18)),I18>=J18,I18<=K18),"적합",IF(ISBLANK(I18),"", "부적합")) -> 부적합 | M18: 12.86 | N18: 0.31 | O18: 0.61
A19: 45953 | B19: HEMA | C19: White | D19: PL-700-2 | E19: =IF(D19="","",IF(B19="Silicone", "SL" & IF(C19="Black","B",IF(C19="White","W",IF(C19="Blue","U",IF(C19="Green","G",IF(C19="Yellow","Y",IF(C19="Red","R",IF(C19="Pink","P",""))))))) & TEXT(A19,"yymmdd") & "01",IF(LEFT(D19,3)="NPL","NPL","PL") & IF(C19="Black","B",IF(C19="White","W",IF(C19="Blue","U",IF(C19="Green","G",IF(C19="Yellow","Y",IF(C19="Red","R",IF(C19="Pink","P",""))))))) & TEXT(A19,"yymmdd") & "01")) -> PLW25102301 | F19: PCB20250930-02 | G19: 외주 | H19: =VLOOKUP(D19,'Spec_Single_H&S'!$B$2:$G$42,6,FALSE) -> PBHAv1.0 | I19: 23490 | J19: =VLOOKUP(D19,'Spec_Single_H&S'!$B$2:$G$42,4,FALSE) -> 14000 | K19: =VLOOKUP(D19,'Spec_Single_H&S'!$B$2:$G$42,5,FALSE) -> 24000 | L19: =IF(AND(NOT(ISBLANK(I19)),I19>=J19,I19<=K19),"적합",IF(ISBLANK(I19),"", "부적합")) -> 적합 | M19: 95.68 | N19: 0.15 | O19: 1.99
A20: 45953 | B20: HEMA | C20: White | D20: PL-735 | E20: =IF(D20="","",IF(B20="Silicone", "SL" & IF(C20="Black","B",IF(C20="White","W",IF(C20="Blue","U",IF(C20="Green","G",IF(C20="Yellow","Y",IF(C20="Red","R",IF(C20="Pink","P",""))))))) & TEXT(A20,"yymmdd") & "01",IF(LEFT(D20,3)="NPL","NPL","PL") & IF(C20="Black","B",IF(C20="White","W",IF(C20="Blue","U",IF(C20="Green","G",IF(C20="Yellow","Y",IF(C20="Red","R",IF(C20="Pink","P",""))))))) & TEXT(A20,"yymmdd") & "01")) -> PLW25102301 | F20: PCB20250930-02 | G20: 외주 | H20: =VLOOKUP(D20,'Spec_Single_H&S'!$B$2:$G$42,6,FALSE) -> PBHAv1.0 | I20: 60480 | J20: =VLOOKUP(D20,'Spec_Single_H&S'!$B$2:$G$42,4,FALSE) -> 11000 | K20: =VLOOKUP(D20,'Spec_Single_H&S'!$B$2:$G$42,5,FALSE) -> 21000 | L20: =IF(AND(NOT(ISBLANK(I20)),I20>=J20,I20<=K20),"적합",IF(ISBLANK(I20),"", "부적합")) -> 부적합 | M20: 93.95 | N20: 0.31 | O20: 3.31
A21: 45953 | B21: HEMA | C21: Red | D21: PL-150-2 | E21: =IF(D21="","",IF(B21="Silicone", "SL" & IF(C21="Black","B",IF(C21="White","W",IF(C21="Blue","U",IF(C21="Green","G",IF(C21="Yellow","Y",IF(C21="Red","R",IF(C21="Pink","P",""))))))) & TEXT(A21,"yymmdd") & "01",IF(LEFT(D21,3)="NPL","NPL","PL") & IF(C21="Black","B",IF(C21="White","W",IF(C21="Blue","U",IF(C21="Green","G",IF(C21="Yellow","Y",IF(C21="Red","R",IF(C21="Pink","P",""))))))) & TEXT(A21,"yymmdd") & "01")) -> PLR25102301 | F21: PCB20250930-02 | G21: 외주 | H21: =VLOOKUP(D21,'Spec_Single_H&S'!$B$2:$G$42,6,FALSE) -> PBHAv1.0 | I21: 24880 | J21: =VLOOKUP(D21,'Spec_Single_H&S'!$B$2:$G$42,4,FALSE) -> 6000 | K21: =VLOOKUP(D21,'Spec_Single_H&S'!$B$2:$G$42,5,FALSE) -> 16000 | L21: =IF(AND(NOT(ISBLANK(I21)),I21>=J21,I21<=K21),"적합",IF(ISBLANK(I21),"", "부적합")) -> 부적합 | M21: 39.38 | N21: 54.53 | O21: 48.23
A22: 45953 | B22: HEMA | C22: Yellow | D22: PL-345-2 | E22: =IF(D22="","",IF(B22="Silicone", "SL" & IF(C22="Black","B",IF(C22="White","W",IF(C22="Blue","U",IF(C22="Green","G",IF(C22="Yellow","Y",IF(C22="Red","R",IF(C22="Pink","P",""))))))) & TEXT(A22,"yymmdd") & "01",IF(LEFT(D22,3)="NPL","NPL","PL") & IF(C22="Black","B",IF(C22="White","W",IF(C22="Blue","U",IF(C22="Green","G",IF(C22="Yellow","Y",IF(C22="Red","R",IF(C22="Pink","P",""))))))) & TEXT(A22,"yymmdd") & "01")) -> PLY25102301 | F22: PCB20250930-02 | G22: 외주 | H22: =VLOOKUP(D22,'Spec_Single_H&S'!$B$2:$G$42,6,FALSE) -> PBHAv1.0 | I22: 43510 | J22: =VLOOKUP(D22,'Spec_Single_H&S'!$B$2:$G$42,4,FALSE) -> 20000 | K22: =VLOOKUP(D22,'Spec_Single_H&S'!$B$2:$G$42,5,FALSE) -> 30000 | L22: =IF(AND(NOT(ISBLANK(I22)),I22>=J22,I22<=K22),"적합",IF(ISBLANK(I22),"", "부적합")) -> 부적합 | M22: 80.14 | N22: 32.21 | O22: 114.44
A23: 45958 | B23: HEMA | C23: Yellow | D23: PL-345-3 | E23: =IF(D23="","",IF(B23="Silicone", "SL" & IF(C23="Black","B",IF(C23="White","W",IF(C23="Blue","U",IF(C23="Green","G",IF(C23="Yellow","Y",IF(C23="Red","R",IF(C23="Pink","P",""))))))) & TEXT(A23,"yymmdd") & "01",IF(LEFT(D23,3)="NPL","NPL","PL") & IF(C23="Black","B",IF(C23="White","W",IF(C23="Blue","U",IF(C23="Green","G",IF(C23="Yellow","Y",IF(C23="Red","R",IF(C23="Pink","P",""))))))) & TEXT(A23,"yymmdd") & "01")) -> PLY25102801 | F23: PCB20251016-01 | G23: 외주 | H23: =VLOOKUP(D23,'Spec_Single_H&S'!$B$2:$G$42,6,FALSE) -> PBHAv1.0 | I23: 27660 | J23: =VLOOKUP(D23,'Spec_Single_H&S'!$B$2:$G$42,4,FALSE) -> 20000 | K23: =VLOOKUP(D23,'Spec_Single_H&S'!$B$2:$G$42,5,FALSE) -> 30000 | L23: =IF(AND(NOT(ISBLANK(I23)),I23>=J23,I23<=K23),"적합",IF(ISBLANK(I23),"", "부적합")) -> 적합 | M23: 81.62 | N23: 29.61 | O23: 106.27
A24: 45958 | B24: HEMA | C24: Yellow | D24: PL-345-2 | E24: =IF(D24="","",IF(B24="Silicone", "SL" & IF(C24="Black","B",IF(C24="White","W",IF(C24="Blue","U",IF(C24="Green","G",IF(C24="Yellow","Y",IF(C24="Red","R",IF(C24="Pink","P",""))))))) & TEXT(A24,"yymmdd") & "01",IF(LEFT(D24,3)="NPL","NPL","PL") & IF(C24="Black","B",IF(C24="White","W",IF(C24="Blue","U",IF(C24="Green","G",IF(C24="Yellow","Y",IF(C24="Red","R",IF(C24="Pink","P",""))))))) & TEXT(A24,"yymmdd") & "01")) -> PLY25102801 | F24: PCB20251016-01 | G24: 외주 | H24: =VLOOKUP(D24,'Spec_Single_H&S'!$B$2:$G$42,6,FALSE) -> PBHAv1.0 | I24: 69710 | J24: =VLOOKUP(D24,'Spec_Single_H&S'!$B$2:$G$42,4,FALSE) -> 20000 | K24: =VLOOKUP(D24,'Spec_Single_H&S'!$B$2:$G$42,5,FALSE) -> 30000 | L24: =IF(AND(NOT(ISBLANK(I24)),I24>=J24,I24<=K24),"적합",IF(ISBLANK(I24),"", "부적합")) -> 부적합 | M24: 80.14 | N24: 32.21 | O24: 114.44
A25: 45958 | B25: HEMA | C25: Red | D25: PL-150-2 | E25: =IF(D25="","",IF(B25="Silicone", "SL" & IF(C25="Black","B",IF(C25="White","W",IF(C25="Blue","U",IF(C25="Green","G",IF(C25="Yellow","Y",IF(C25="Red","R",IF(C25="Pink","P",""))))))) & TEXT(A25,"yymmdd") & "01",IF(LEFT(D25,3)="NPL","NPL","PL") & IF(C25="Black","B",IF(C25="White","W",IF(C25="Blue","U",IF(C25="Green","G",IF(C25="Yellow","Y",IF(C25="Red","R",IF(C25="Pink","P",""))))))) & TEXT(A25,"yymmdd") & "01")) -> PLR25102801 | F25: PCB20250930-02 | G25: 외주 | H25: =VLOOKUP(D25,'Spec_Single_H&S'!$B$2:$G$42,6,FALSE) -> PBHAv1.0 | I25: 22000 | J25: =VLOOKUP(D25,'Spec_Single_H&S'!$B$2:$G$42,4,FALSE) -> 6000 | K25: =VLOOKUP(D25,'Spec_Single_H&S'!$B$2:$G$42,5,FALSE) -> 16000 | L25: =IF(AND(NOT(ISBLANK(I25)),I25>=J25,I25<=K25),"적합",IF(ISBLANK(I25),"", "부적합")) -> 부적합 | M25: 42.06 | N25: 59.54 | O25: 51.51
A26: 45958 | B26: HEMA | C26: Pink | D26: PL-135 | E26: =IF(D26="","",IF(B26="Silicone", "SL" & IF(C26="Black","B",IF(C26="White","W",IF(C26="Blue","U",IF(C26="Green","G",IF(C26="Yellow","Y",IF(C26="Red","R",IF(C26="Pink","P",""))))))) & TEXT(A26,"yymmdd") & "01",IF(LEFT(D26,3)="NPL","NPL","PL") & IF(C26="Black","B",IF(C26="White","W",IF(C26="Blue","U",IF(C26="Green","G",IF(C26="Yellow","Y",IF(C26="Red","R",IF(C26="Pink","P",""))))))) & TEXT(A26,"yymmdd") & "01")) -> PLP25102801 | G26: 외주 | H26: =VLOOKUP(D26,'Spec_Single_H&S'!$B$2:$G$42,6,FALSE) -> PBHAv1.0 | J26: =VLOOKUP(D26,'Spec_Single_H&S'!$B$2:$G$42,4,FALSE) -> 7000 | K26: =VLOOKUP(D26,'Spec_Single_H&S'!$B$2:$G$42,5,FALSE) -> 17000 | L26: =IF(AND(NOT(ISBLANK(I26)),I26>=J26,I26<=K26),"적합",IF(ISBLANK(I26),"", "부적합"))
A27: 45958 | B27: HEMA | C27: Green | D27: PL-435 | E27: =IF(D27="","",IF(B27="Silicone", "SL" & IF(C27="Black","B",IF(C27="White","W",IF(C27="Blue","U",IF(C27="Green","G",IF(C27="Yellow","Y",IF(C27="Red","R",IF(C27="Pink","P",""))))))) & TEXT(A27,"yymmdd") & "01",IF(LEFT(D27,3)="NPL","NPL","PL") & IF(C27="Black","B",IF(C27="White","W",IF(C27="Blue","U",IF(C27="Green","G",IF(C27="Yellow","Y",IF(C27="Red","R",IF(C27="Pink","P",""))))))) & TEXT(A27,"yymmdd") & "01")) -> PLG25102801 | G27: 외주 | H27: =VLOOKUP(D27,'Spec_Single_H&S'!$B$2:$G$42,6,FALSE) -> PBHAv1.0 | J27: =VLOOKUP(D27,'Spec_Single_H&S'!$B$2:$G$42,4,FALSE) -> 4000 | K27: =VLOOKUP(D27,'Spec_Single_H&S'!$B$2:$G$42,5,FALSE) -> 10000 | L27: =IF(AND(NOT(ISBLANK(I27)),I27>=J27,I27<=K27),"적합",IF(ISBLANK(I27),"", "부적합"))
A28: 45973 | B28: HEMA | C28: Yellow | D28: PL-345-2 | E28: =IF(D28="","",IF(B28="Silicone", "SL" & IF(C28="Black","B",IF(C28="White","W",IF(C28="Blue","U",IF(C28="Green","G",IF(C28="Yellow","Y",IF(C28="Red","R",IF(C28="Pink","P",""))))))) & TEXT(A28,"yymmdd") & "01",IF(LEFT(D28,3)="NPL","NPL","PL") & IF(C28="Black","B",IF(C28="White","W",IF(C28="Blue","U",IF(C28="Green","G",IF(C28="Yellow","Y",IF(C28="Red","R",IF(C28="Pink","P",""))))))) & TEXT(A28,"yymmdd") & "01")) -> PLY25111201 | F28: PCB20251027-02 | G28: 외주 | H28: =VLOOKUP(D28,'Spec_Single_H&S'!$B$2:$G$42,6,FALSE) -> PBHAv1.0 | I28: 35310 | J28: =VLOOKUP(D28,'Spec_Single_H&S'!$B$2:$G$42,4,FALSE) -> 20000 | K28: =VLOOKUP(D28,'Spec_Single_H&S'!$B$2:$G$42,5,FALSE) -> 30000 | L28: =IF(AND(NOT(ISBLANK(I28)),I28>=J28,I28<=K28),"적합",IF(ISBLANK(I28),"", "부적합")) -> 부적합 | M28: 78.5 | N28: 35.3 | O28: 112.9
A29: 45973 | B29: HEMA | C29: Black | D29: PL-835-1(H) | E29: =IF(D29="","",IF(B29="Silicone", "SL" & IF(C29="Black","B",IF(C29="White","W",IF(C29="Blue","U",IF(C29="Green","G",IF(C29="Yellow","Y",IF(C29="Red","R",IF(C29="Pink","P",""))))))) & TEXT(A29,"yymmdd") & "01",IF(LEFT(D29,3)="NPL","NPL","PL") & IF(C29="Black","B",IF(C29="White","W",IF(C29="Blue","U",IF(C29="Green","G",IF(C29="Yellow","Y",IF(C29="Red","R",IF(C29="Pink","P",""))))))) & TEXT(A29,"yymmdd") & "01")) -> PLB25111201 | F29: PCB20251028-01 | G29: 외주 | H29: =VLOOKUP(D29,'Spec_Single_H&S'!$B$2:$G$42,6,FALSE) -> PBHAv1.0 | I29: 56980 | J29: =VLOOKUP(D29,'Spec_Single_H&S'!$B$2:$G$42,4,FALSE) -> 60000 | K29: =VLOOKUP(D29,'Spec_Single_H&S'!$B$2:$G$42,5,FALSE) -> 90000 | L29: =IF(AND(NOT(ISBLANK(I29)),I29>=J29,I29<=K29),"적합",IF(ISBLANK(I29),"", "부적합")) -> 부적합 | M29: 9.8 | N29: -0.34 | O29: -1.12
A30: 45974 | B30: HEMA | C30: Black | D30: PL-835-1 | E30: =IF(D30="","",IF(B30="Silicone", "SL" & IF(C30="Black","B",IF(C30="White","W",IF(C30="Blue","U",IF(C30="Green","G",IF(C30="Yellow","Y",IF(C30="Red","R",IF(C30="Pink","P",""))))))) & TEXT(A30,"yymmdd") & "01",IF(LEFT(D30,3)="NPL","NPL","PL") & IF(C30="Black","B",IF(C30="White","W",IF(C30="Blue","U",IF(C30="Green","G",IF(C30="Yellow","Y",IF(C30="Red","R",IF(C30="Pink","P",""))))))) & TEXT(A30,"yymmdd") & "01")) -> PLB25111301 | F30: PCB20251028-02 | G30: 외주 | H30: =VLOOKUP(D30,'Spec_Single_H&S'!$B$2:$G$42,6,FALSE) -> PBHAv1.0 | I30: 46860 | J30: =VLOOKUP(D30,'Spec_Single_H&S'!$B$2:$G$42,4,FALSE) -> 60000 | K30: =VLOOKUP(D30,'Spec_Single_H&S'!$B$2:$G$42,5,FALSE) -> 90000 | L30: =IF(AND(NOT(ISBLANK(I30)),I30>=J30,I30<=K30),"적합",IF(ISBLANK(I30),"", "부적합")) -> 부적합 | M30: 9.55 | N30: -0.14 | O30: -0.73
A31: 45974 | B31: HEMA | C31: Red | D31: PL-150-2 | E31: =IF(D31="","",IF(B31="Silicone", "SL" & IF(C31="Black","B",IF(C31="White","W",IF(C31="Blue","U",IF(C31="Green","G",IF(C31="Yellow","Y",IF(C31="Red","R",IF(C31="Pink","P",""))))))) & TEXT(A31,"yymmdd") & "01",IF(LEFT(D31,3)="NPL","NPL","PL") & IF(C31="Black","B",IF(C31="White","W",IF(C31="Blue","U",IF(C31="Green","G",IF(C31="Yellow","Y",IF(C31="Red","R",IF(C31="Pink","P",""))))))) & TEXT(A31,"yymmdd") & "01")) -> PLR25111301 | F31: PCB20251029-01 | G31: 외주 | H31: =VLOOKUP(D31,'Spec_Single_H&S'!$B$2:$G$42,6,FALSE) -> PBHAv1.0 | I31: 12240 | J31: =VLOOKUP(D31,'Spec_Single_H&S'!$B$2:$G$42,4,FALSE) -> 6000 | K31: =VLOOKUP(D31,'Spec_Single_H&S'!$B$2:$G$42,5,FALSE) -> 16000 | L31: =IF(AND(NOT(ISBLANK(I31)),I31>=J31,I31<=K31),"적합",IF(ISBLANK(I31),"", "부적합")) -> 적합 | M31: 40.23 | N31: 56.99 | O31: 50.33
A32: 45980 | B32: Silicone | C32: Yellow | D32: SL-345 | E32: =IF(D32="","",IF(B32="Silicone", "SL" & IF(C32="Black","B",IF(C32="White","W",IF(C32="Blue","U",IF(C32="Green","G",IF(C32="Yellow","Y",IF(C32="Red","R",IF(C32="Pink","P",""))))))) & TEXT(A32,"yymmdd") & "01",IF(LEFT(D32,3)="NPL","NPL","PL") & IF(C32="Black","B",IF(C32="White","W",IF(C32="Blue","U",IF(C32="Green","G",IF(C32="Yellow","Y",IF(C32="Red","R",IF(C32="Pink","P",""))))))) & TEXT(A32,"yymmdd") & "01")) -> SLY25111901 | G32: 외주 | H32: =VLOOKUP(D32,'Spec_Single_H&S'!$B$2:$G$42,6,FALSE) -> SBCT | I32: 67660 | J32: =VLOOKUP(D32,'Spec_Single_H&S'!$B$2:$G$42,4,FALSE) -> 11000 | K32: =VLOOKUP(D32,'Spec_Single_H&S'!$B$2:$G$42,5,FALSE) -> 15000 | L32: =IF(AND(NOT(ISBLANK(I32)),I32>=J32,I32<=K32),"적합",IF(ISBLANK(I32),"", "부적합")) -> 부적합 | M32: 82.741 | N32: 30.182 | O32: 121.74
A33: 45980 | B33: Silicone | C33: Black | D33: SL-850 | E33: =IF(D33="","",IF(B33="Silicone", "SL" & IF(C33="Black","B",IF(C33="White","W",IF(C33="Blue","U",IF(C33="Green","G",IF(C33="Yellow","Y",IF(C33="Red","R",IF(C33="Pink","P",""))))))) & TEXT(A33,"yymmdd") & "01",IF(LEFT(D33,3)="NPL","NPL","PL") & IF(C33="Black","B",IF(C33="White","W",IF(C33="Blue","U",IF(C33="Green","G",IF(C33="Yellow","Y",IF(C33="Red","R",IF(C33="Pink","P",""))))))) & TEXT(A33,"yymmdd") & "01")) -> SLB25111901 | G33: 외주 | H33: =VLOOKUP(D33,'Spec_Single_H&S'!$B$2:$G$42,6,FALSE) -> SBCT | I33: 139400 | J33: =VLOOKUP(D33,'Spec_Single_H&S'!$B$2:$G$42,4,FALSE) -> 100000 | K33: =VLOOKUP(D33,'Spec_Single_H&S'!$B$2:$G$42,5,FALSE) -> 140000 | L33: =IF(AND(NOT(ISBLANK(I33)),I33>=J33,I33<=K33),"적합",IF(ISBLANK(I33),"", "부적합")) -> 적합 | M33: 24.737 | N33: 0.4998 | O33: 1.4827
A34: 45980 | B34: Silicone | C34: Red | D34: SL-150 | E34: =IF(D34="","",IF(B34="Silicone", "SL" & IF(C34="Black","B",IF(C34="White","W",IF(C34="Blue","U",IF(C34="Green","G",IF(C34="Yellow","Y",IF(C34="Red","R",IF(C34="Pink","P",""))))))) & TEXT(A34,"yymmdd") & "01",IF(LEFT(D34,3)="NPL","NPL","PL") & IF(C34="Black","B",IF(C34="White","W",IF(C34="Blue","U",IF(C34="Green","G",IF(C34="Yellow","Y",IF(C34="Red","R",IF(C34="Pink","P",""))))))) & TEXT(A34,"yymmdd") & "01")) -> SLR25111901 | G34: 외주 | H34: =VLOOKUP(D34,'Spec_Single_H&S'!$B$2:$G$42,6,FALSE) -> SBCT | I34: 25070 | J34: =VLOOKUP(D34,'Spec_Single_H&S'!$B$2:$G$42,4,FALSE) -> 31000 | K34: =VLOOKUP(D34,'Spec_Single_H&S'!$B$2:$G$42,5,FALSE) -> 41000 | L34: =IF(AND(NOT(ISBLANK(I34)),I34>=J34,I34<=K34),"적합",IF(ISBLANK(I34),"", "부적합")) -> 부적합 | M34: 41.418 | N34: 58.896 | O34: 54.832
A35: 45980 | B35: Silicone | C35: White | D35: SL-700-1 | E35: =IF(D35="","",IF(B35="Silicone", "SL" & IF(C35="Black","B",IF(C35="White","W",IF(C35="Blue","U",IF(C35="Green","G",IF(C35="Yellow","Y",IF(C35="Red","R",IF(C35="Pink","P",""))))))) & TEXT(A35,"yymmdd") & "01",IF(LEFT(D35,3)="NPL","NPL","PL") & IF(C35="Black","B",IF(C35="White","W",IF(C35="Blue","U",IF(C35="Green","G",IF(C35="Yellow","Y",IF(C35="Red","R",IF(C35="Pink","P",""))))))) & TEXT(A35,"yymmdd") & "01")) -> SLW25111901 | G35: 외주 | H35: =VLOOKUP(D35,'Spec_Single_H&S'!$B$2:$G$42,6,FALSE) -> SBCT | I35: 41140 | J35: =VLOOKUP(D35,'Spec_Single_H&S'!$B$2:$G$42,4,FALSE) -> 40000 | K35: =VLOOKUP(D35,'Spec_Single_H&S'!$B$2:$G$42,5,FALSE) -> 60000 | L35: =IF(AND(NOT(ISBLANK(I35)),I35>=J35,I35<=K35),"적합",IF(ISBLANK(I35),"", "부적합")) -> 적합 | M35: 97.067 | N35: 0.1819 | O35: 1.7144
A36: 45980 | B36: HEMA | C36: White | D36: PL-700-2 | E36: =IF(D36="","",IF(B36="Silicone", "SL" & IF(C36="Black","B",IF(C36="White","W",IF(C36="Blue","U",IF(C36="Green","G",IF(C36="Yellow","Y",IF(C36="Red","R",IF(C36="Pink","P",""))))))) & TEXT(A36,"yymmdd") & "01",IF(LEFT(D36,3)="NPL","NPL","PL") & IF(C36="Black","B",IF(C36="White","W",IF(C36="Blue","U",IF(C36="Green","G",IF(C36="Yellow","Y",IF(C36="Red","R",IF(C36="Pink","P",""))))))) & TEXT(A36,"yymmdd") & "01")) -> PLW25111901 | F36: PCB20251030-02 | G36: 외주 | H36: =VLOOKUP(D36,'Spec_Single_H&S'!$B$2:$G$42,6,FALSE) -> PBHAv1.0 | I36: 19040 | J36: =VLOOKUP(D36,'Spec_Single_H&S'!$B$2:$G$42,4,FALSE) -> 14000 | K36: =VLOOKUP(D36,'Spec_Single_H&S'!$B$2:$G$42,5,FALSE) -> 24000 | L36: =IF(AND(NOT(ISBLANK(I36)),I36>=J36,I36<=K36),"적합",IF(ISBLANK(I36),"", "부적합")) -> 적합 | M36: 95.768 | N36: 0.2076 | O36: 1.8724
A37: 45987 | B37: HEMA | C37: Red | D37: PL-150-2 | E37: =IF(D37="","",IF(B37="Silicone", "SL" & IF(C37="Black","B",IF(C37="White","W",IF(C37="Blue","U",IF(C37="Green","G",IF(C37="Yellow","Y",IF(C37="Red","R",IF(C37="Pink","P",""))))))) & TEXT(A37,"yymmdd") & "01",IF(LEFT(D37,3)="NPL","NPL","PL") & IF(C37="Black","B",IF(C37="White","W",IF(C37="Blue","U",IF(C37="Green","G",IF(C37="Yellow","Y",IF(C37="Red","R",IF(C37="Pink","P",""))))))) & TEXT(A37,"yymmdd") & "01")) -> PLR25112601 | F37: PCB20251031-02 | G37: 외주 | H37: =VLOOKUP(D37,'Spec_Single_H&S'!$B$2:$G$42,6,FALSE) -> PBHAv1.0 | I37: 12220 | J37: =VLOOKUP(D37,'Spec_Single_H&S'!$B$2:$G$42,4,FALSE) -> 6000 | K37: =VLOOKUP(D37,'Spec_Single_H&S'!$B$2:$G$42,5,FALSE) -> 16000 | L37: =IF(AND(NOT(ISBLANK(I37)),I37>=J37,I37<=K37),"적합",IF(ISBLANK(I37),"", "부적합")) -> 적합 | M37: 38.953 | N37: 55.344 | O37: 50.867
A38: 45987 | B38: HEMA | C38: White | D38: PL-700-2 | E38: =IF(D38="","",IF(B38="Silicone", "SL" & IF(C38="Black","B",IF(C38="White","W",IF(C38="Blue","U",IF(C38="Green","G",IF(C38="Yellow","Y",IF(C38="Red","R",IF(C38="Pink","P",""))))))) & TEXT(A38,"yymmdd") & "01",IF(LEFT(D38,3)="NPL","NPL","PL") & IF(C38="Black","B",IF(C38="White","W",IF(C38="Blue","U",IF(C38="Green","G",IF(C38="Yellow","Y",IF(C38="Red","R",IF(C38="Pink","P",""))))))) & TEXT(A38,"yymmdd") & "01")) -> PLW25112601 | F38: PCB20251101-01 | G38: 외주 | H38: =VLOOKUP(D38,'Spec_Single_H&S'!$B$2:$G$42,6,FALSE) -> PBHAv1.0 | I38: 34570 | J38: =VLOOKUP(D38,'Spec_Single_H&S'!$B$2:$G$42,4,FALSE) -> 14000 | K38: =VLOOKUP(D38,'Spec_Single_H&S'!$B$2:$G$42,5,FALSE) -> 24000 | L38: =IF(AND(NOT(ISBLANK(I38)),I38>=J38,I38<=K38),"적합",IF(ISBLANK(I38),"", "부적합")) -> 부적합 | M38: 97.35 | N38: 0.16 | O38: 2.27
A39: 45987 | B39: HEMA | C39: Black | D39: PL-835-1 | E39: =IF(D39="","",IF(B39="Silicone", "SL" & IF(C39="Black","B",IF(C39="White","W",IF(C39="Blue","U",IF(C39="Green","G",IF(C39="Yellow","Y",IF(C39="Red","R",IF(C39="Pink","P",""))))))) & TEXT(A39,"yymmdd") & "01",IF(LEFT(D39,3)="NPL","NPL","PL") & IF(C39="Black","B",IF(C39="White","W",IF(C39="Blue","U",IF(C39="Green","G",IF(C39="Yellow","Y",IF(C39="Red","R",IF(C39="Pink","P",""))))))) & TEXT(A39,"yymmdd") & "01")) -> PLB25112601 | F39: PCB20251031-02 | G39: 외주 | H39: =VLOOKUP(D39,'Spec_Single_H&S'!$B$2:$G$42,6,FALSE) -> PBHAv1.0 | I39: 46030 | J39: =VLOOKUP(D39,'Spec_Single_H&S'!$B$2:$G$42,4,FALSE) -> 60000 | K39: =VLOOKUP(D39,'Spec_Single_H&S'!$B$2:$G$42,5,FALSE) -> 90000 | L39: =IF(AND(NOT(ISBLANK(I39)),I39>=J39,I39<=K39),"적합",IF(ISBLANK(I39),"", "부적합")) -> 부적합 | M39: 5.2751 | N39: -0.119 | O39: -0.292
A40: 45987 | B40: HEMA | C40: Red | D40: NPL-150-2 | E40: =IF(D40="","",IF(B40="Silicone", "SL" & IF(C40="Black","B",IF(C40="White","W",IF(C40="Blue","U",IF(C40="Green","G",IF(C40="Yellow","Y",IF(C40="Red","R",IF(C40="Pink","P",""))))))) & TEXT(A40,"yymmdd") & "01",IF(LEFT(D40,3)="NPL","NPL","PL") & IF(C40="Black","B",IF(C40="White","W",IF(C40="Blue","U",IF(C40="Green","G",IF(C40="Yellow","Y",IF(C40="Red","R",IF(C40="Pink","P",""))))))) & TEXT(A40,"yymmdd") & "01")) -> NPLR25112601 | F40: BIH20251113-01 | G40: 외주 | H40: =VLOOKUP(D40,'Spec_Single_H&S'!$B$2:$G$42,6,FALSE) -> PBHBv1.0 | I40: 17550 | J40: =VLOOKUP(D40,'Spec_Single_H&S'!$B$2:$G$42,4,FALSE) -> 6000 | K40: =VLOOKUP(D40,'Spec_Single_H&S'!$B$2:$G$42,5,FALSE) -> 16000 | L40: =IF(AND(NOT(ISBLANK(I40)),I40>=J40,I40<=K40),"적합",IF(ISBLANK(I40),"", "부적합")) -> 부적합 | M40: 38.924 | N40: 54.285 | O40: 48.887
A41: 45987 | B41: HEMA | C41: Yellow | D41: NPL-345-3 | E41: =IF(D41="","",IF(B41="Silicone", "SL" & IF(C41="Black","B",IF(C41="White","W",IF(C41="Blue","U",IF(C41="Green","G",IF(C41="Yellow","Y",IF(C41="Red","R",IF(C41="Pink","P",""))))))) & TEXT(A41,"yymmdd") & "01",IF(LEFT(D41,3)="NPL","NPL","PL") & IF(C41="Black","B",IF(C41="White","W",IF(C41="Blue","U",IF(C41="Green","G",IF(C41="Yellow","Y",IF(C41="Red","R",IF(C41="Pink","P",""))))))) & TEXT(A41,"yymmdd") & "01")) -> NPLY25112601 | F41: BIH20251113-01 | G41: 외주 | H41: =VLOOKUP(D41,'Spec_Single_H&S'!$B$2:$G$42,6,FALSE) -> PBHBv1.0 | I41: 47350 | J41: =VLOOKUP(D41,'Spec_Single_H&S'!$B$2:$G$42,4,FALSE) -> 20000 | K41: =VLOOKUP(D41,'Spec_Single_H&S'!$B$2:$G$42,5,FALSE) -> 30000 | L41: =IF(AND(NOT(ISBLANK(I41)),I41>=J41,I41<=K41),"적합",IF(ISBLANK(I41),"", "부적합")) -> 부적합 | M41: 79.61 | N41: 33.429 | O41: 114.03
A42: 45987 | B42: HEMA | C42: White | D42: NPL-700-2 | E42: =IF(D42="","",IF(B42="Silicone", "SL" & IF(C42="Black","B",IF(C42="White","W",IF(C42="Blue","U",IF(C42="Green","G",IF(C42="Yellow","Y",IF(C42="Red","R",IF(C42="Pink","P",""))))))) & TEXT(A42,"yymmdd") & "01",IF(LEFT(D42,3)="NPL","NPL","PL") & IF(C42="Black","B",IF(C42="White","W",IF(C42="Blue","U",IF(C42="Green","G",IF(C42="Yellow","Y",IF(C42="Red","R",IF(C42="Pink","P",""))))))) & TEXT(A42,"yymmdd") & "01")) -> NPLW25112601 | F42: BIH20251113-01 | G42: 외주 | H42: =VLOOKUP(D42,'Spec_Single_H&S'!$B$2:$G$42,6,FALSE) -> PBHBv1.0 | I42: 14630 | J42: =VLOOKUP(D42,'Spec_Single_H&S'!$B$2:$G$42,4,FALSE) -> 14000 | K42: =VLOOKUP(D42,'Spec_Single_H&S'!$B$2:$G$42,5,FALSE) -> 24000 | L42: =IF(AND(NOT(ISBLANK(I42)),I42>=J42,I42<=K42),"적합",IF(ISBLANK(I42),"", "부적합")) -> 적합 | M42: 96.0895 | N42: 0.02259 | O42: 1.5615
A43: 45993 | B43: HEMA | C43: Red | D43: PL-150-2 | E43: =IF(D43="","",IF(B43="Silicone", "SL" & IF(C43="Black","B",IF(C43="White","W",IF(C43="Blue","U",IF(C43="Green","G",IF(C43="Yellow","Y",IF(C43="Red","R",IF(C43="Pink","P",""))))))) & TEXT(A43,"yymmdd") & "01",IF(LEFT(D43,3)="NPL","NPL","PL") & IF(C43="Black","B",IF(C43="White","W",IF(C43="Blue","U",IF(C43="Green","G",IF(C43="Yellow","Y",IF(C43="Red","R",IF(C43="Pink","P",""))))))) & TEXT(A43,"yymmdd") & "01")) -> PLR25120201 | F43: PCBB20251101-02 | G43: 외주 | H43: =VLOOKUP(D43,'Spec_Single_H&S'!$B$2:$G$42,6,FALSE) -> PBHAv1.0 | I43: 12840 | J43: =VLOOKUP(D43,'Spec_Single_H&S'!$B$2:$G$42,4,FALSE) -> 6000 | K43: =VLOOKUP(D43,'Spec_Single_H&S'!$B$2:$G$42,5,FALSE) -> 16000 | L43: =IF(AND(NOT(ISBLANK(I43)),I43>=J43,I43<=K43),"적합",IF(ISBLANK(I43),"", "부적합")) -> 적합 | M43: 41.601 | N43: 59.176 | O43: 51.661
A44: 45993 | B44: HEMA | C44: Yellow | D44: PL-345-3 | E44: =IF(D44="","",IF(B44="Silicone", "SL" & IF(C44="Black","B",IF(C44="White","W",IF(C44="Blue","U",IF(C44="Green","G",IF(C44="Yellow","Y",IF(C44="Red","R",IF(C44="Pink","P",""))))))) & TEXT(A44,"yymmdd") & "01",IF(LEFT(D44,3)="NPL","NPL","PL") & IF(C44="Black","B",IF(C44="White","W",IF(C44="Blue","U",IF(C44="Green","G",IF(C44="Yellow","Y",IF(C44="Red","R",IF(C44="Pink","P",""))))))) & TEXT(A44,"yymmdd") & "01")) -> PLY25120201 | F44: PCBB20251101-02 | G44: 외주 | H44: =VLOOKUP(D44,'Spec_Single_H&S'!$B$2:$G$42,6,FALSE) -> PBHAv1.0 | I44: 23250 | J44: =VLOOKUP(D44,'Spec_Single_H&S'!$B$2:$G$42,4,FALSE) -> 20000 | K44: =VLOOKUP(D44,'Spec_Single_H&S'!$B$2:$G$42,5,FALSE) -> 30000 | L44: =IF(AND(NOT(ISBLANK(I44)),I44>=J44,I44<=K44),"적합",IF(ISBLANK(I44),"", "부적합")) -> 적합 | M44: 78.954 | N44: 34.965 | O44: 11.293
A45: 45993 | B45: HEMA | C45: White | D45: PL-700-2 | E45: =IF(D45="","",IF(B45="Silicone", "SL" & IF(C45="Black","B",IF(C45="White","W",IF(C45="Blue","U",IF(C45="Green","G",IF(C45="Yellow","Y",IF(C45="Red","R",IF(C45="Pink","P",""))))))) & TEXT(A45,"yymmdd") & "01",IF(LEFT(D45,3)="NPL","NPL","PL") & IF(C45="Black","B",IF(C45="White","W",IF(C45="Blue","U",IF(C45="Green","G",IF(C45="Yellow","Y",IF(C45="Red","R",IF(C45="Pink","P",""))))))) & TEXT(A45,"yymmdd") & "01")) -> PLW25120201 | F45: PCBB20251102-01 | G45: 외주 | H45: =VLOOKUP(D45,'Spec_Single_H&S'!$B$2:$G$42,6,FALSE) -> PBHAv1.0 | I45: 21520 | J45: =VLOOKUP(D45,'Spec_Single_H&S'!$B$2:$G$42,4,FALSE) -> 14000 | K45: =VLOOKUP(D45,'Spec_Single_H&S'!$B$2:$G$42,5,FALSE) -> 24000 | L45: =IF(AND(NOT(ISBLANK(I45)),I45>=J45,I45<=K45),"적합",IF(ISBLANK(I45),"", "부적합")) -> 적합 | M45: 95.696 | N45: 0.3977 | O45: 2.1159
A46: 45995 | B46: HEMA | C46: Black | D46: PL-835-1 | E46: =IF(D46="","",IF(B46="Silicone", "SL" & IF(C46="Black","B",IF(C46="White","W",IF(C46="Blue","U",IF(C46="Green","G",IF(C46="Yellow","Y",IF(C46="Red","R",IF(C46="Pink","P",""))))))) & TEXT(A46,"yymmdd") & "01",IF(LEFT(D46,3)="NPL","NPL","PL") & IF(C46="Black","B",IF(C46="White","W",IF(C46="Blue","U",IF(C46="Green","G",IF(C46="Yellow","Y",IF(C46="Red","R",IF(C46="Pink","P",""))))))) & TEXT(A46,"yymmdd") & "01")) -> PLB25120401 | F46: PCB20251111-01 | G46: 외주 | H46: =VLOOKUP(D46,'Spec_Single_H&S'!$B$2:$G$42,6,FALSE) -> PBHAv1.0 | I46: 37850 | J46: =VLOOKUP(D46,'Spec_Single_H&S'!$B$2:$G$42,4,FALSE) -> 60000 | K46: =VLOOKUP(D46,'Spec_Single_H&S'!$B$2:$G$42,5,FALSE) -> 90000 | L46: =IF(AND(NOT(ISBLANK(I46)),I46>=J46,I46<=K46),"적합",IF(ISBLANK(I46),"", "부적합")) -> 부적합 | M46: 14.611 | N46: 0.1781 | O46: 0.5581
A47: 45995 | B47: HEMA | C47: Red | D47: PL-150-2 | E47: =IF(D47="","",IF(B47="Silicone", "SL" & IF(C47="Black","B",IF(C47="White","W",IF(C47="Blue","U",IF(C47="Green","G",IF(C47="Yellow","Y",IF(C47="Red","R",IF(C47="Pink","P",""))))))) & TEXT(A47,"yymmdd") & "01",IF(LEFT(D47,3)="NPL","NPL","PL") & IF(C47="Black","B",IF(C47="White","W",IF(C47="Blue","U",IF(C47="Green","G",IF(C47="Yellow","Y",IF(C47="Red","R",IF(C47="Pink","P",""))))))) & TEXT(A47,"yymmdd") & "01")) -> PLR25120401 | F47: PCB20251114-01 | G47: 외주 | H47: =VLOOKUP(D47,'Spec_Single_H&S'!$B$2:$G$42,6,FALSE) -> PBHAv1.0 | I47: 12400 | J47: =VLOOKUP(D47,'Spec_Single_H&S'!$B$2:$G$42,4,FALSE) -> 6000 | K47: =VLOOKUP(D47,'Spec_Single_H&S'!$B$2:$G$42,5,FALSE) -> 16000 | L47: =IF(AND(NOT(ISBLANK(I47)),I47>=J47,I47<=K47),"적합",IF(ISBLANK(I47),"", "부적합")) -> 적합 | M47: 43.582 | N47: 60.14 | O47: 51.945
... A51: 45995 | B51: HEMA | C51: White | D51: PL-700-2 | E51: =IF(D51="","",IF(B51="Silicone", "SL" & IF(C51="Black","B",IF(C51="White","W",IF(C51="Blue","U",IF(C51="Green","G",IF(C51="Yellow","Y",IF(C51="Red","R",IF(C51="Pink","P",""))))))) & TEXT(A51,"yymmdd") & "01",IF(LEFT(D51,3)="NPL","NPL","PL") & IF(C51="Black","B",IF(C51="White","W",IF(C51="Blue","U",IF(C51="Green","G",IF(C51="Yellow","Y",IF(C51="Red","R",IF(C51="Pink","P",""))))))) & TEXT(A51,"yymmdd") & "01")) -> PLW25120401 | F51: PCB20251107-01 | G51: 외주 | H51: =VLOOKUP(D51,'Spec_Single_H&S'!$B$2:$G$42,6,FALSE) -> PBHAv1.0 | I51: 19580 | J51: =VLOOKUP(D51,'Spec_Single_H&S'!$B$2:$G$42,4,FALSE) -> 14000 | K51: =VLOOKUP(D51,'Spec_Single_H&S'!$B$2:$G$42,5,FALSE) -> 24000 | L51: =IF(AND(NOT(ISBLANK(I51)),I51>=J51,I51<=K51),"적합",IF(ISBLANK(I51),"", "부적합")) -> 적합 | M51: 99.692 | N51: 0.8869 | O51: 4.9087
A52: 46000 | B52: Silicone | C52: Yellow | D52: SL-345 | E52: =IF(D52="","",IF(B52="Silicone", "SL" & IF(C52="Black","B",IF(C52="White","W",IF(C52="Blue","U",IF(C52="Green","G",IF(C52="Yellow","Y",IF(C52="Red","R",IF(C52="Pink","P",""))))))) & TEXT(A52,"yymmdd") & "01",IF(LEFT(D52,3)="NPL","NPL","PL") & IF(C52="Black","B",IF(C52="White","W",IF(C52="Blue","U",IF(C52="Green","G",IF(C52="Yellow","Y",IF(C52="Red","R",IF(C52="Pink","P",""))))))) & TEXT(A52,"yymmdd") & "01")) -> SLY25120901 | F52: 251023 | G52: 외주 | H52: =VLOOKUP(D52,'Spec_Single_H&S'!$B$2:$G$42,6,FALSE) -> SBCT | I52: 62920 | J52: =VLOOKUP(D52,'Spec_Single_H&S'!$B$2:$G$42,4,FALSE) -> 11000 | K52: =VLOOKUP(D52,'Spec_Single_H&S'!$B$2:$G$42,5,FALSE) -> 15000 | L52: =IF(AND(NOT(ISBLANK(I52)),I52>=J52,I52<=K52),"적합",IF(ISBLANK(I52),"", "부적합")) -> 부적합 | P52: 경화됨
A53: 46003 | B53: HEMA | C53: Blue | D53: PL-580-2 | E53: =IF(D53="","",IF(B53="Silicone", "SL" & IF(C53="Black","B",IF(C53="White","W",IF(C53="Blue","U",IF(C53="Green","G",IF(C53="Yellow","Y",IF(C53="Red","R",IF(C53="Pink","P",""))))))) & TEXT(A53,"yymmdd") & "01",IF(LEFT(D53,3)="NPL","NPL","PL") & IF(C53="Black","B",IF(C53="White","W",IF(C53="Blue","U",IF(C53="Green","G",IF(C53="Yellow","Y",IF(C53="Red","R",IF(C53="Pink","P",""))))))) & TEXT(A53,"yymmdd") & "01")) -> PLU25121201 | F53: PCB20251117-01 | G53: 외주 | H53: =VLOOKUP(D53,'Spec_Single_H&S'!$B$2:$G$42,6,FALSE) -> PBHAv1.0 | I53: 70530 | J53: =VLOOKUP(D53,'Spec_Single_H&S'!$B$2:$G$42,4,FALSE) -> 53000 | K53: =VLOOKUP(D53,'Spec_Single_H&S'!$B$2:$G$42,5,FALSE) -> 73000 | L53: =IF(AND(NOT(ISBLANK(I53)),I53>=J53,I53<=K53),"적합",IF(ISBLANK(I53),"", "부적합")) -> 적합 | M53: 11.169 | N53: 9.1605 | O53: -26.8
A54: 46003 | B54: HEMA | C54: White | D54: PL-700-2 | E54: =IF(D54="","",IF(B54="Silicone", "SL" & IF(C54="Black","B",IF(C54="White","W",IF(C54="Blue","U",IF(C54="Green","G",IF(C54="Yellow","Y",IF(C54="Red","R",IF(C54="Pink","P",""))))))) & TEXT(A54,"yymmdd") & "01",IF(LEFT(D54,3)="NPL","NPL","PL") & IF(C54="Black","B",IF(C54="White","W",IF(C54="Blue","U",IF(C54="Green","G",IF(C54="Yellow","Y",IF(C54="Red","R",IF(C54="Pink","P",""))))))) & TEXT(A54,"yymmdd") & "01")) -> PLW25121201 | F54: PCB20251117-02 | G54: 외주 | H54: =VLOOKUP(D54,'Spec_Single_H&S'!$B$2:$G$42,6,FALSE) -> PBHAv1.0 | I54: 17740 | J54: =VLOOKUP(D54,'Spec_Single_H&S'!$B$2:$G$42,4,FALSE) -> 14000 | K54: =VLOOKUP(D54,'Spec_Single_H&S'!$B$2:$G$42,5,FALSE) -> 24000 | L54: =IF(AND(NOT(ISBLANK(I54)),I54>=J54,I54<=K54),"적합",IF(ISBLANK(I54),"", "부적합")) -> 적합 | M54: 95.719 | N54: 0.4207 | O54: 2.1195
A55: 46003 | B55: HEMA | C55: White | D55: PL-735 | E55: =IF(D55="","",IF(B55="Silicone", "SL" & IF(C55="Black","B",IF(C55="White","W",IF(C55="Blue","U",IF(C55="Green","G",IF(C55="Yellow","Y",IF(C55="Red","R",IF(C55="Pink","P",""))))))) & TEXT(A55,"yymmdd") & "01",IF(LEFT(D55,3)="NPL","NPL","PL") & IF(C55="Black","B",IF(C55="White","W",IF(C55="Blue","U",IF(C55="Green","G",IF(C55="Yellow","Y",IF(C55="Red","R",IF(C55="Pink","P",""))))))) & TEXT(A55,"yymmdd") & "01")) -> PLW25121201 | F55: PCB20251119-01 | G55: 외주 | H55: =VLOOKUP(D55,'Spec_Single_H&S'!$B$2:$G$42,6,FALSE) -> PBHAv1.0 | I55: 13570 | J55: =VLOOKUP(D55,'Spec_Single_H&S'!$B$2:$G$42,4,FALSE) -> 11000 | K55: =VLOOKUP(D55,'Spec_Single_H&S'!$B$2:$G$42,5,FALSE) -> 21000 | L55: =IF(AND(NOT(ISBLANK(I55)),I55>=J55,I55<=K55),"적합",IF(ISBLANK(I55),"", "부적합")) -> 적합 | M55: 94.051 | N55: 0.5365 | O55: 2.8854
A56: 46003 | B56: HEMA | C56: Yellow | D56: PL-345-2 | E56: =IF(D56="","",IF(B56="Silicone", "SL" & IF(C56="Black","B",IF(C56="White","W",IF(C56="Blue","U",IF(C56="Green","G",IF(C56="Yellow","Y",IF(C56="Red","R",IF(C56="Pink","P",""))))))) & TEXT(A56,"yymmdd") & "01",IF(LEFT(D56,3)="NPL","NPL","PL") & IF(C56="Black","B",IF(C56="White","W",IF(C56="Blue","U",IF(C56="Green","G",IF(C56="Yellow","Y",IF(C56="Red","R",IF(C56="Pink","P",""))))))) & TEXT(A56,"yymmdd") & "01")) -> PLY25121201 | F56: PCB20251114-01 | G56: 외주 | H56: =VLOOKUP(D56,'Spec_Single_H&S'!$B$2:$G$42,6,FALSE) -> PBHAv1.0 | I56: 42290 | J56: =VLOOKUP(D56,'Spec_Single_H&S'!$B$2:$G$42,4,FALSE) -> 20000 | K56: =VLOOKUP(D56,'Spec_Single_H&S'!$B$2:$G$42,5,FALSE) -> 30000 | L56: =IF(AND(NOT(ISBLANK(I56)),I56>=J56,I56<=K56),"적합",IF(ISBLANK(I56),"", "부적합")) -> 부적합 | M56: 79.91 | N56: 33.383 | O56: 117.52
A57: 46009 | B57: Silicone | C57: Yellow | D57: SL-345 | E57: =IF(D57="","",IF(B57="Silicone", "SL" & IF(C57="Black","B",IF(C57="White","W",IF(C57="Blue","U",IF(C57="Green","G",IF(C57="Yellow","Y",IF(C57="Red","R",IF(C57="Pink","P",""))))))) & TEXT(A57,"yymmdd") & "01",IF(LEFT(D57,3)="NPL","NPL","PL") & IF(C57="Black","B",IF(C57="White","W",IF(C57="Blue","U",IF(C57="Green","G",IF(C57="Yellow","Y",IF(C57="Red","R",IF(C57="Pink","P",""))))))) & TEXT(A57,"yymmdd") & "01")) -> SLY25121801 | F57: 251205 | G57: 외주 | H57: =VLOOKUP(D57,'Spec_Single_H&S'!$B$2:$G$42,6,FALSE) -> SBCT | I57: 67110 | J57: =VLOOKUP(D57,'Spec_Single_H&S'!$B$2:$G$42,4,FALSE) -> 11000 | K57: =VLOOKUP(D57,'Spec_Single_H&S'!$B$2:$G$42,5,FALSE) -> 15000 | L57: =IF(AND(NOT(ISBLANK(I57)),I57>=J57,I57<=K57),"적합",IF(ISBLANK(I57),"", "부적합")) -> 부적합 | M57: 81.09 | N57: 28.26 | O57: 115.92 | P57: 경화됨
A58: 46017 | B58: HEMA | C58: Black | D58: PL-835-1 | E58: =IF(D58="","",IF(B58="Silicone", "SL" & IF(C58="Black","B",IF(C58="White","W",IF(C58="Blue","U",IF(C58="Green","G",IF(C58="Yellow","Y",IF(C58="Red","R",IF(C58="Pink","P",""))))))) & TEXT(A58,"yymmdd") & "01",IF(LEFT(D58,3)="NPL","NPL","PL") & IF(C58="Black","B",IF(C58="White","W",IF(C58="Blue","U",IF(C58="Green","G",IF(C58="Yellow","Y",IF(C58="Red","R",IF(C58="Pink","P",""))))))) & TEXT(A58,"yymmdd") & "01")) -> PLB25122601 | F58: PCB20251119-02 | G58: 외주 | H58: =VLOOKUP(D58,'Spec_Single_H&S'!$B$2:$G$42,6,FALSE) -> PBHAv1.0 | I58: 57900 | J58: =VLOOKUP(D58,'Spec_Single_H&S'!$B$2:$G$42,4,FALSE) -> 60000 | K58: =VLOOKUP(D58,'Spec_Single_H&S'!$B$2:$G$42,5,FALSE) -> 90000 | L58: =IF(AND(NOT(ISBLANK(I58)),I58>=J58,I58<=K58),"적합",IF(ISBLANK(I58),"", "부적합")) -> 부적합 | M58: 6.92 | N58: -0.38 | O58: -1.13
A59: 46017 | B59: HEMA | C59: Red | D59: PL-150-2 | E59: =IF(D59="","",IF(B59="Silicone", "SL" & IF(C59="Black","B",IF(C59="White","W",IF(C59="Blue","U",IF(C59="Green","G",IF(C59="Yellow","Y",IF(C59="Red","R",IF(C59="Pink","P",""))))))) & TEXT(A59,"yymmdd") & "01",IF(LEFT(D59,3)="NPL","NPL","PL") & IF(C59="Black","B",IF(C59="White","W",IF(C59="Blue","U",IF(C59="Green","G",IF(C59="Yellow","Y",IF(C59="Red","R",IF(C59="Pink","P",""))))))) & TEXT(A59,"yymmdd") & "01")) -> PLR25122601 | F59: PCB20251119-02 | G59: 외주 | H59: =VLOOKUP(D59,'Spec_Single_H&S'!$B$2:$G$42,6,FALSE) -> PBHAv1.0 | I59: 16500 | J59: =VLOOKUP(D59,'Spec_Single_H&S'!$B$2:$G$42,4,FALSE) -> 6000 | K59: =VLOOKUP(D59,'Spec_Single_H&S'!$B$2:$G$42,5,FALSE) -> 16000 | L59: =IF(AND(NOT(ISBLANK(I59)),I59>=J59,I59<=K59),"적합",IF(ISBLANK(I59),"", "부적합")) -> 부적합 | M59: 42.959 | N59: 61.487 | O59: 53.545
A60: 46017 | B60: HEMA | C60: Yellow | D60: PL-345-2 | E60: =IF(D60="","",IF(B60="Silicone", "SL" & IF(C60="Black","B",IF(C60="White","W",IF(C60="Blue","U",IF(C60="Green","G",IF(C60="Yellow","Y",IF(C60="Red","R",IF(C60="Pink","P",""))))))) & TEXT(A60,"yymmdd") & "01",IF(LEFT(D60,3)="NPL","NPL","PL") & IF(C60="Black","B",IF(C60="White","W",IF(C60="Blue","U",IF(C60="Green","G",IF(C60="Yellow","Y",IF(C60="Red","R",IF(C60="Pink","P",""))))))) & TEXT(A60,"yymmdd") & "01")) -> PLY25122601 | F60: PCB20251121-02 | G60: 외주 | H60: =VLOOKUP(D60,'Spec_Single_H&S'!$B$2:$G$42,6,FALSE) -> PBHAv1.0 | I60: 50020 | J60: =VLOOKUP(D60,'Spec_Single_H&S'!$B$2:$G$42,4,FALSE) -> 20000 | K60: =VLOOKUP(D60,'Spec_Single_H&S'!$B$2:$G$42,5,FALSE) -> 30000 | L60: =IF(AND(NOT(ISBLANK(I60)),I60>=J60,I60<=K60),"적합",IF(ISBLANK(I60),"", "부적합")) -> 부적합 | M60: 80.0519 | N60: 32.8 | O60: 120.4
A61: 46017 | B61: HEMA | C61: White | D61: PL-700-2 | E61: =IF(D61="","",IF(B61="Silicone", "SL" & IF(C61="Black","B",IF(C61="White","W",IF(C61="Blue","U",IF(C61="Green","G",IF(C61="Yellow","Y",IF(C61="Red","R",IF(C61="Pink","P",""))))))) & TEXT(A61,"yymmdd") & "01",IF(LEFT(D61,3)="NPL","NPL","PL") & IF(C61="Black","B",IF(C61="White","W",IF(C61="Blue","U",IF(C61="Green","G",IF(C61="Yellow","Y",IF(C61="Red","R",IF(C61="Pink","P",""))))))) & TEXT(A61,"yymmdd") & "01")) -> PLW25122601 | F61: PCB20251121-02 | G61: 외주 | H61: =VLOOKUP(D61,'Spec_Single_H&S'!$B$2:$G$42,6,FALSE) -> PBHAv1.0 | I61: 21850 | J61: =VLOOKUP(D61,'Spec_Single_H&S'!$B$2:$G$42,4,FALSE) -> 14000 | K61: =VLOOKUP(D61,'Spec_Single_H&S'!$B$2:$G$42,5,FALSE) -> 24000 | L61: =IF(AND(NOT(ISBLANK(I61)),I61>=J61,I61<=K61),"적합",IF(ISBLANK(I61),"", "부적합")) -> 적합 | M61: 95.513 | N61: 0.3063 | O61: 1.9709
A62: 46029 | B62: HEMA | C62: Black | D62: PL-835-1 | E62: =IF(D62="","",IF(B62="Silicone", "SL" & IF(C62="Black","B",IF(C62="White","W",IF(C62="Blue","U",IF(C62="Green","G",IF(C62="Yellow","Y",IF(C62="Red","R",IF(C62="Pink","P",""))))))) & TEXT(A62,"yymmdd") & "01",IF(LEFT(D62,3)="NPL","NPL","PL") & IF(C62="Black","B",IF(C62="White","W",IF(C62="Blue","U",IF(C62="Green","G",IF(C62="Yellow","Y",IF(C62="Red","R",IF(C62="Pink","P",""))))))) & TEXT(A62,"yymmdd") & "01")) -> PLB26010701 | F62: PCB2025-1119-02 | G62: 외주 | H62: =VLOOKUP(D62,'Spec_Single_H&S'!$B$2:$G$42,6,FALSE) -> PBHAv1.0 | I62: 41760 | J62: =VLOOKUP(D62,'Spec_Single_H&S'!$B$2:$G$42,4,FALSE) -> 60000 | K62: =VLOOKUP(D62,'Spec_Single_H&S'!$B$2:$G$42,5,FALSE) -> 90000 | L62: =IF(AND(NOT(ISBLANK(I62)),I62>=J62,I62<=K62),"적합",IF(ISBLANK(I62),"", "부적합")) -> 부적합 | M62: 10.868 | N62: -0.033 | O62: -0.295
A63: 46029 | B63: HEMA | C63: Red | D63: PL-150-2 | E63: =IF(D63="","",IF(B63="Silicone", "SL" & IF(C63="Black","B",IF(C63="White","W",IF(C63="Blue","U",IF(C63="Green","G",IF(C63="Yellow","Y",IF(C63="Red","R",IF(C63="Pink","P",""))))))) & TEXT(A63,"yymmdd") & "01",IF(LEFT(D63,3)="NPL","NPL","PL") & IF(C63="Black","B",IF(C63="White","W",IF(C63="Blue","U",IF(C63="Green","G",IF(C63="Yellow","Y",IF(C63="Red","R",IF(C63="Pink","P",""))))))) & TEXT(A63,"yymmdd") & "01")) -> PLR26010701 | F63: PCB20251121-02 | G63: 외주 | H63: =VLOOKUP(D63,'Spec_Single_H&S'!$B$2:$G$42,6,FALSE) -> PBHAv1.0 | I63: 12570 | J63: =VLOOKUP(D63,'Spec_Single_H&S'!$B$2:$G$42,4,FALSE) -> 6000 | K63: =VLOOKUP(D63,'Spec_Single_H&S'!$B$2:$G$42,5,FALSE) -> 16000 | L63: =IF(AND(NOT(ISBLANK(I63)),I63>=J63,I63<=K63),"적합",IF(ISBLANK(I63),"", "부적합")) -> 적합 | M63: 41.922 | N63: 58.531 | O63: 49.712
A64: 46029 | B64: HEMA | C64: Yellow | D64: PL-345-2 | E64: =IF(D64="","",IF(B64="Silicone", "SL" & IF(C64="Black","B",IF(C64="White","W",IF(C64="Blue","U",IF(C64="Green","G",IF(C64="Yellow","Y",IF(C64="Red","R",IF(C64="Pink","P",""))))))) & TEXT(A64,"yymmdd") & "01",IF(LEFT(D64,3)="NPL","NPL","PL") & IF(C64="Black","B",IF(C64="White","W",IF(C64="Blue","U",IF(C64="Green","G",IF(C64="Yellow","Y",IF(C64="Red","R",IF(C64="Pink","P",""))))))) & TEXT(A64,"yymmdd") & "01")) -> PLY26010701 | F64: PCB20251212-01 | G64: 외주 | H64: =VLOOKUP(D64,'Spec_Single_H&S'!$B$2:$G$42,6,FALSE) -> PBHAv1.0 | I64: 44410 | J64: =VLOOKUP(D64,'Spec_Single_H&S'!$B$2:$G$42,4,FALSE) -> 20000 | K64: =VLOOKUP(D64,'Spec_Single_H&S'!$B$2:$G$42,5,FALSE) -> 30000 | L64: =IF(AND(NOT(ISBLANK(I64)),I64>=J64,I64<=K64),"적합",IF(ISBLANK(I64),"", "부적합")) -> 부적합 | M64: 80.7138 | N64: 31.671 | O64: 116.37
A65: 46029 | B65: HEMA | C65: White | D65: PL-700-2 | E65: =IF(D65="","",IF(B65="Silicone", "SL" & IF(C65="Black","B",IF(C65="White","W",IF(C65="Blue","U",IF(C65="Green","G",IF(C65="Yellow","Y",IF(C65="Red","R",IF(C65="Pink","P",""))))))) & TEXT(A65,"yymmdd") & "01",IF(LEFT(D65,3)="NPL","NPL","PL") & IF(C65="Black","B",IF(C65="White","W",IF(C65="Blue","U",IF(C65="Green","G",IF(C65="Yellow","Y",IF(C65="Red","R",IF(C65="Pink","P",""))))))) & TEXT(A65,"yymmdd") & "01")) -> PLW26010701 | F65: PCB20251212-02 | G65: 외주 | H65: =VLOOKUP(D65,'Spec_Single_H&S'!$B$2:$G$42,6,FALSE) -> PBHAv1.0 | I65: 24630 | J65: =VLOOKUP(D65,'Spec_Single_H&S'!$B$2:$G$42,4,FALSE) -> 14000 | K65: =VLOOKUP(D65,'Spec_Single_H&S'!$B$2:$G$42,5,FALSE) -> 24000 | L65: =IF(AND(NOT(ISBLANK(I65)),I65>=J65,I65<=K65),"적합",IF(ISBLANK(I65),"", "부적합")) -> 부적합 | M65: 95.83 | N65: 0.3127 | O65: 2.148
A66: 46029 | B66: HEMA | C66: White | D66: PL-735 | E66: =IF(D66="","",IF(B66="Silicone", "SL" & IF(C66="Black","B",IF(C66="White","W",IF(C66="Blue","U",IF(C66="Green","G",IF(C66="Yellow","Y",IF(C66="Red","R",IF(C66="Pink","P",""))))))) & TEXT(A66,"yymmdd") & "01",IF(LEFT(D66,3)="NPL","NPL","PL") & IF(C66="Black","B",IF(C66="White","W",IF(C66="Blue","U",IF(C66="Green","G",IF(C66="Yellow","Y",IF(C66="Red","R",IF(C66="Pink","P",""))))))) & TEXT(A66,"yymmdd") & "01")) -> PLW26010701 | F66: PCB20251212-01 | G66: 외주 | H66: =VLOOKUP(D66,'Spec_Single_H&S'!$B$2:$G$42,6,FALSE) -> PBHAv1.0 | I66: 20250 | J66: =VLOOKUP(D66,'Spec_Single_H&S'!$B$2:$G$42,4,FALSE) -> 11000 | K66: =VLOOKUP(D66,'Spec_Single_H&S'!$B$2:$G$42,5,FALSE) -> 21000 | L66: =IF(AND(NOT(ISBLANK(I66)),I66>=J66,I66<=K66),"적합",IF(ISBLANK(I66),"", "부적합")) -> 적합 | M66: 94.467 | N66: 0.495 | O66: 3.3187
A67: 46029 | B67: HEMA | C67: Pink | D67: PL-135 | E67: =IF(D67="","",IF(B67="Silicone", "SL" & IF(C67="Black","B",IF(C67="White","W",IF(C67="Blue","U",IF(C67="Green","G",IF(C67="Yellow","Y",IF(C67="Red","R",IF(C67="Pink","P",""))))))) & TEXT(A67,"yymmdd") & "01",IF(LEFT(D67,3)="NPL","NPL","PL") & IF(C67="Black","B",IF(C67="White","W",IF(C67="Blue","U",IF(C67="Green","G",IF(C67="Yellow","Y",IF(C67="Red","R",IF(C67="Pink","P",""))))))) & TEXT(A67,"yymmdd") & "01")) -> PLP26010701 | F67: PCB20251215-01 | G67: 외주 | H67: =VLOOKUP(D67,'Spec_Single_H&S'!$B$2:$G$42,6,FALSE) -> PBHAv1.0 | I67: 14860 | J67: =VLOOKUP(D67,'Spec_Single_H&S'!$B$2:$G$42,4,FALSE) -> 7000 | K67: =VLOOKUP(D67,'Spec_Single_H&S'!$B$2:$G$42,5,FALSE) -> 17000 | L67: =IF(AND(NOT(ISBLANK(I67)),I67>=J67,I67<=K67),"적합",IF(ISBLANK(I67),"", "부적합")) -> 적합 | M67: 34.37 | N67: 56.034 | O67: 27.881
A68: 46029 | B68: HEMA | C68: Green | D68: PL-435 | E68: =IF(D68="","",IF(B68="Silicone", "SL" & IF(C68="Black","B",IF(C68="White","W",IF(C68="Blue","U",IF(C68="Green","G",IF(C68="Yellow","Y",IF(C68="Red","R",IF(C68="Pink","P",""))))))) & TEXT(A68,"yymmdd") & "01",IF(LEFT(D68,3)="NPL","NPL","PL") & IF(C68="Black","B",IF(C68="White","W",IF(C68="Blue","U",IF(C68="Green","G",IF(C68="Yellow","Y",IF(C68="Red","R",IF(C68="Pink","P",""))))))) & TEXT(A68,"yymmdd") & "01")) -> PLG26010701 | F68: PCB20251121-02 | G68: 외주 | H68: =VLOOKUP(D68,'Spec_Single_H&S'!$B$2:$G$42,6,FALSE) -> PBHAv1.0 | I68: 9304 | J68: =VLOOKUP(D68,'Spec_Single_H&S'!$B$2:$G$42,4,FALSE) -> 4000 | K68: =VLOOKUP(D68,'Spec_Single_H&S'!$B$2:$G$42,5,FALSE) -> 10000 | L68: =IF(AND(NOT(ISBLANK(I68)),I68>=J68,I68<=K68),"적합",IF(ISBLANK(I68),"", "부적합")) -> 적합 | M68: 14.703 | N68: -36.35 | O68: -9.291
E69: =IF(D69="","",IF(B69="Silicone", "SL" & IF(C69="Black","B",IF(C69="White","W",IF(C69="Blue","U",IF(C69="Green","G",IF(C69="Yellow","Y",IF(C69="Red","R",IF(C69="Pink","P",""))))))) & TEXT(A69,"yymmdd") & "01",IF(LEFT(D69,3)="NPL","NPL","PL") & IF(C69="Black","B",IF(C69="White","W",IF(C69="Blue","U",IF(C69="Green","G",IF(C69="Yellow","Y",IF(C69="Red","R",IF(C69="Pink","P",""))))))) & TEXT(A69,"yymmdd") & "01")) | H69: =VLOOKUP(D69,'Spec_Single_H&S'!$B$2:$G$42,6,FALSE) -> #N/A | J69: =VLOOKUP(D69,'Spec_Single_H&S'!$B$2:$G$42,4,FALSE) -> #N/A | K69: =VLOOKUP(D69,'Spec_Single_H&S'!$B$2:$G$42,5,FALSE) -> #N/A | L69: =IF(AND(NOT(ISBLANK(I69)),I69>=J69,I69<=K69),"적합",IF(ISBLANK(I69),"", "부적합")) -> #N/A
E70: =IF(D70="","",IF(B70="Silicone", "SL" & IF(C70="Black","B",IF(C70="White","W",IF(C70="Blue","U",IF(C70="Green","G",IF(C70="Yellow","Y",IF(C70="Red","R",IF(C70="Pink","P",""))))))) & TEXT(A70,"yymmdd") & "01",IF(LEFT(D70,3)="NPL","NPL","PL") & IF(C70="Black","B",IF(C70="White","W",IF(C70="Blue","U",IF(C70="Green","G",IF(C70="Yellow","Y",IF(C70="Red","R",IF(C70="Pink","P",""))))))) & TEXT(A70,"yymmdd") & "01")) | H70: =IF(B70<>"Silicone","",IFERROR(XLOOKUP(D70,#REF!,#REF!),"")) | J70: =VLOOKUP(D70,'Spec_Single_H&S'!$B$2:$G$42,4,FALSE) -> #N/A | K70: =VLOOKUP(D70,'Spec_Single_H&S'!$B$2:$G$42,5,FALSE) -> #N/A | L70: =IF(AND(NOT(ISBLANK(I70)),I70>=J70,I70<=K70),"적합",IF(ISBLANK(I70),"", "부적합")) -> #N/A
E71: =IF(D71="","",IF(B71="Silicone", "SL" & IF(C71="Black","B",IF(C71="White","W",IF(C71="Blue","U",IF(C71="Green","G",IF(C71="Yellow","Y",IF(C71="Red","R",IF(C71="Pink","P",""))))))) & TEXT(A71,"yymmdd") & "01",IF(LEFT(D71,3)="NPL","NPL","PL") & IF(C71="Black","B",IF(C71="White","W",IF(C71="Blue","U",IF(C71="Green","G",IF(C71="Yellow","Y",IF(C71="Red","R",IF(C71="Pink","P",""))))))) & TEXT(A71,"yymmdd") & "01")) | H71: =IF(B71<>"Silicone","",IFERROR(XLOOKUP(D71,#REF!,#REF!),"")) | J71: =VLOOKUP(D71,'Spec_Single_H&S'!$B$2:$G$42,4,FALSE) -> #N/A | K71: =VLOOKUP(D71,'Spec_Single_H&S'!$B$2:$G$42,5,FALSE) -> #N/A | L71: =IF(AND(NOT(ISBLANK(I71)),I71>=J71,I71<=K71),"적합",IF(ISBLANK(I71),"", "부적합")) -> #N/A
E72: =IF(D72="","",IF(B72="Silicone", "SL" & IF(C72="Black","B",IF(C72="White","W",IF(C72="Blue","U",IF(C72="Green","G",IF(C72="Yellow","Y",IF(C72="Red","R",IF(C72="Pink","P",""))))))) & TEXT(A72,"yymmdd") & "01",IF(LEFT(D72,3)="NPL","NPL","PL") & IF(C72="Black","B",IF(C72="White","W",IF(C72="Blue","U",IF(C72="Green","G",IF(C72="Yellow","Y",IF(C72="Red","R",IF(C72="Pink","P",""))))))) & TEXT(A72,"yymmdd") & "01")) | H72: =IF(B72<>"Silicone","",IFERROR(XLOOKUP(D72,#REF!,#REF!),"")) | J72: =VLOOKUP(D72,'Spec_Single_H&S'!$B$2:$G$42,4,FALSE) -> #N/A | K72: =VLOOKUP(D72,'Spec_Single_H&S'!$B$2:$G$42,5,FALSE) -> #N/A | L72: =IF(AND(NOT(ISBLANK(I72)),I72>=J72,I72<=K72),"적합",IF(ISBLANK(I72),"", "부적합")) -> #N/A
E73: =IF(D73="","",IF(B73="Silicone", "SL" & IF(C73="Black","B",IF(C73="White","W",IF(C73="Blue","U",IF(C73="Green","G",IF(C73="Yellow","Y",IF(C73="Red","R",IF(C73="Pink","P",""))))))) & TEXT(A73,"yymmdd") & "01",IF(LEFT(D73,3)="NPL","NPL","PL") & IF(C73="Black","B",IF(C73="White","W",IF(C73="Blue","U",IF(C73="Green","G",IF(C73="Yellow","Y",IF(C73="Red","R",IF(C73="Pink","P",""))))))) & TEXT(A73,"yymmdd") & "01")) | H73: =IF(B73<>"Silicone","",IFERROR(XLOOKUP(D73,#REF!,#REF!),"")) | J73: =VLOOKUP(D73,'Spec_Single_H&S'!$B$2:$G$42,4,FALSE) -> #N/A | K73: =VLOOKUP(D73,'Spec_Single_H&S'!$B$2:$G$42,5,FALSE) -> #N/A | L73: =IF(AND(NOT(ISBLANK(I73)),I73>=J73,I73<=K73),"적합",IF(ISBLANK(I73),"", "부적합")) -> #N/A
E74: =IF(D74="","",IF(B74="Silicone", "SL" & IF(C74="Black","B",IF(C74="White","W",IF(C74="Blue","U",IF(C74="Green","G",IF(C74="Yellow","Y",IF(C74="Red","R",IF(C74="Pink","P",""))))))) & TEXT(A74,"yymmdd") & "01",IF(LEFT(D74,3)="NPL","NPL","PL") & IF(C74="Black","B",IF(C74="White","W",IF(C74="Blue","U",IF(C74="Green","G",IF(C74="Yellow","Y",IF(C74="Red","R",IF(C74="Pink","P",""))))))) & TEXT(A74,"yymmdd") & "01")) | H74: =IF(B74<>"Silicone","",IFERROR(XLOOKUP(D74,#REF!,#REF!),"")) | J74: =VLOOKUP(D74,'Spec_Single_H&S'!$B$2:$G$42,4,FALSE) -> #N/A | K74: =VLOOKUP(D74,'Spec_Single_H&S'!$B$2:$G$42,5,FALSE) -> #N/A | L74: =IF(AND(NOT(ISBLANK(I74)),I74>=J74,I74<=K74),"적합",IF(ISBLANK(I74),"", "부적합")) -> #N/A
E75: =IF(D75="","",IF(B75="Silicone", "SL" & IF(C75="Black","B",IF(C75="White","W",IF(C75="Blue","U",IF(C75="Green","G",IF(C75="Yellow","Y",IF(C75="Red","R",IF(C75="Pink","P",""))))))) & TEXT(A75,"yymmdd") & "01",IF(LEFT(D75,3)="NPL","NPL","PL") & IF(C75="Black","B",IF(C75="White","W",IF(C75="Blue","U",IF(C75="Green","G",IF(C75="Yellow","Y",IF(C75="Red","R",IF(C75="Pink","P",""))))))) & TEXT(A75,"yymmdd") & "01")) | H75: =IF(B75<>"Silicone","",IFERROR(XLOOKUP(D75,#REF!,#REF!),"")) | J75: =VLOOKUP(D75,'Spec_Single_H&S'!$B$2:$G$42,4,FALSE) -> #N/A | K75: =VLOOKUP(D75,'Spec_Single_H&S'!$B$2:$G$42,5,FALSE) -> #N/A | L75: =IF(AND(NOT(ISBLANK(I75)),I75>=J75,I75<=K75),"적합",IF(ISBLANK(I75),"", "부적합")) -> #N/A
E76: =IF(D76="","",IF(B76="Silicone", "SL" & IF(C76="Black","B",IF(C76="White","W",IF(C76="Blue","U",IF(C76="Green","G",IF(C76="Yellow","Y",IF(C76="Red","R",IF(C76="Pink","P",""))))))) & TEXT(A76,"yymmdd") & "01",IF(LEFT(D76,3)="NPL","NPL","PL") & IF(C76="Black","B",IF(C76="White","W",IF(C76="Blue","U",IF(C76="Green","G",IF(C76="Yellow","Y",IF(C76="Red","R",IF(C76="Pink","P",""))))))) & TEXT(A76,"yymmdd") & "01")) | H76: =IF(B76<>"Silicone","",IFERROR(XLOOKUP(D76,#REF!,#REF!),"")) | J76: =VLOOKUP(D76,'Spec_Single_H&S'!$B$2:$G$42,4,FALSE) -> #N/A | K76: =VLOOKUP(D76,'Spec_Single_H&S'!$B$2:$G$42,5,FALSE) -> #N/A | L76: =IF(AND(NOT(ISBLANK(I76)),I76>=J76,I76<=K76),"적합",IF(ISBLANK(I76),"", "부적합")) -> #N/A
E77: =IF(D77="","",IF(B77="Silicone", "SL" & IF(C77="Black","B",IF(C77="White","W",IF(C77="Blue","U",IF(C77="Green","G",IF(C77="Yellow","Y",IF(C77="Red","R",IF(C77="Pink","P",""))))))) & TEXT(A77,"yymmdd") & "01",IF(LEFT(D77,3)="NPL","NPL","PL") & IF(C77="Black","B",IF(C77="White","W",IF(C77="Blue","U",IF(C77="Green","G",IF(C77="Yellow","Y",IF(C77="Red","R",IF(C77="Pink","P",""))))))) & TEXT(A77,"yymmdd") & "01")) | H77: =IF(B77<>"Silicone","",IFERROR(XLOOKUP(D77,#REF!,#REF!),"")) | J77: =VLOOKUP(D77,'Spec_Single_H&S'!$B$2:$G$42,4,FALSE) -> #N/A | K77: =VLOOKUP(D77,'Spec_Single_H&S'!$B$2:$G$42,5,FALSE) -> #N/A | L77: =IF(AND(NOT(ISBLANK(I77)),I77>=J77,I77<=K77),"적합",IF(ISBLANK(I77),"", "부적합")) -> #N/A
E78: =IF(D78="","",IF(B78="Silicone", "SL" & IF(C78="Black","B",IF(C78="White","W",IF(C78="Blue","U",IF(C78="Green","G",IF(C78="Yellow","Y",IF(C78="Red","R",IF(C78="Pink","P",""))))))) & TEXT(A78,"yymmdd") & "01",IF(LEFT(D78,3)="NPL","NPL","PL") & IF(C78="Black","B",IF(C78="White","W",IF(C78="Blue","U",IF(C78="Green","G",IF(C78="Yellow","Y",IF(C78="Red","R",IF(C78="Pink","P",""))))))) & TEXT(A78,"yymmdd") & "01")) | H78: =IF(B78<>"Silicone","",IFERROR(XLOOKUP(D78,#REF!,#REF!),"")) | J78: =VLOOKUP(D78,'Spec_Single_H&S'!$B$2:$G$42,4,FALSE) -> #N/A | K78: =VLOOKUP(D78,'Spec_Single_H&S'!$B$2:$G$42,5,FALSE) -> #N/A | L78: =IF(AND(NOT(ISBLANK(I78)),I78>=J78,I78<=K78),"적합",IF(ISBLANK(I78),"", "부적합")) -> #N/A
E79: =IF(D79="","",IF(B79="Silicone", "SL" & IF(C79="Black","B",IF(C79="White","W",IF(C79="Blue","U",IF(C79="Green","G",IF(C79="Yellow","Y",IF(C79="Red","R",IF(C79="Pink","P",""))))))) & TEXT(A79,"yymmdd") & "01",IF(LEFT(D79,3)="NPL","NPL","PL") & IF(C79="Black","B",IF(C79="White","W",IF(C79="Blue","U",IF(C79="Green","G",IF(C79="Yellow","Y",IF(C79="Red","R",IF(C79="Pink","P",""))))))) & TEXT(A79,"yymmdd") & "01")) | H79: =IF(B79<>"Silicone","",IFERROR(XLOOKUP(D79,#REF!,#REF!),"")) | J79: =VLOOKUP(D79,'Spec_Single_H&S'!$B$2:$G$42,4,FALSE) -> #N/A | K79: =VLOOKUP(D79,'Spec_Single_H&S'!$B$2:$G$42,5,FALSE) -> #N/A | L79: =IF(AND(NOT(ISBLANK(I79)),I79>=J79,I79<=K79),"적합",IF(ISBLANK(I79),"", "부적합")) -> #N/A
E80: =IF(D80="","",IF(B80="Silicone", "SL" & IF(C80="Black","B",IF(C80="White","W",IF(C80="Blue","U",IF(C80="Green","G",IF(C80="Yellow","Y",IF(C80="Red","R",IF(C80="Pink","P",""))))))) & TEXT(A80,"yymmdd") & "01",IF(LEFT(D80,3)="NPL","NPL","PL") & IF(C80="Black","B",IF(C80="White","W",IF(C80="Blue","U",IF(C80="Green","G",IF(C80="Yellow","Y",IF(C80="Red","R",IF(C80="Pink","P",""))))))) & TEXT(A80,"yymmdd") & "01")) | H80: =IF(B80<>"Silicone","",IFERROR(XLOOKUP(D80,#REF!,#REF!),"")) | J80: =VLOOKUP(D80,'Spec_Single_H&S'!$B$2:$G$42,4,FALSE) -> #N/A | K80: =VLOOKUP(D80,'Spec_Single_H&S'!$B$2:$G$42,5,FALSE) -> #N/A | L80: =IF(AND(NOT(ISBLANK(I80)),I80>=J80,I80<=K80),"적합",IF(ISBLANK(I80),"", "부적합")) -> #N/A
E81: =IF(D81="","",IF(B81="Silicone", "SL" & IF(C81="Black","B",IF(C81="White","W",IF(C81="Blue","U",IF(C81="Green","G",IF(C81="Yellow","Y",IF(C81="Red","R",IF(C81="Pink","P",""))))))) & TEXT(A81,"yymmdd") & "01",IF(LEFT(D81,3)="NPL","NPL","PL") & IF(C81="Black","B",IF(C81="White","W",IF(C81="Blue","U",IF(C81="Green","G",IF(C81="Yellow","Y",IF(C81="Red","R",IF(C81="Pink","P",""))))))) & TEXT(A81,"yymmdd") & "01")) | H81: =IF(B81<>"Silicone","",IFERROR(XLOOKUP(D81,#REF!,#REF!),"")) | J81: =VLOOKUP(D81,'Spec_Single_H&S'!$B$2:$G$42,4,FALSE) -> #N/A | K81: =VLOOKUP(D81,'Spec_Single_H&S'!$B$2:$G$42,5,FALSE) -> #N/A | L81: =IF(AND(NOT(ISBLANK(I81)),I81>=J81,I81<=K81),"적합",IF(ISBLANK(I81),"", "부적합")) -> #N/A
... E250: =IF(D250="","",IF(B250="Silicone", "SL" & IF(C250="Black","B",IF(C250="White","W",IF(C250="Blue","U",IF(C250="Green","G",IF(C250="Yellow","Y",IF(C250="Red","R",IF(C250="Pink","P",""))))))) & TEXT(A250,"yymmdd") & "01",IF(LEFT(D250,3)="NPL","NPL","PL") & IF(C250="Black","B",IF(C250="White","W",IF(C250="Blue","U",IF(C250="Green","G",IF(C250="Yellow","Y",IF(C250="Red","R",IF(C250="Pink","P",""))))))) & TEXT(A250,"yymmdd") & "01")) | H250: =IF(B250<>"Silicone","",IFERROR(XLOOKUP(D250,#REF!,#REF!),"")) | J250: =VLOOKUP(D250,'Spec_Single_H&S'!$B$2:$G$42,4,FALSE) -> #N/A | K250: =VLOOKUP(D250,'Spec_Single_H&S'!$B$2:$G$42,5,FALSE) -> #N/A | L250: =IF(AND(NOT(ISBLANK(I250)),I250>=J250,I250<=K250),"적합",IF(ISBLANK(I250),"", "부적합")) -> #N/A
E251: =IF(D251="","",IF(B251="Silicone", "SL" & IF(C251="Black","B",IF(C251="White","W",IF(C251="Blue","U",IF(C251="Green","G",IF(C251="Yellow","Y",IF(C251="Red","R",IF(C251="Pink","P",""))))))) & TEXT(A251,"yymmdd") & "01",IF(LEFT(D251,3)="NPL","NPL","PL") & IF(C251="Black","B",IF(C251="White","W",IF(C251="Blue","U",IF(C251="Green","G",IF(C251="Yellow","Y",IF(C251="Red","R",IF(C251="Pink","P",""))))))) & TEXT(A251,"yymmdd") & "01")) | H251: =IF(B251<>"Silicone","",IFERROR(XLOOKUP(D251,#REF!,#REF!),"")) | J251: =IFERROR(XLOOKUP(D251,'Spec_Single_H&S'!B:B,'Spec_Single_H&S'!E:E), IFERROR(XLOOKUP(D251,#REF!,#REF!),"")) | K251: =IFERROR(XLOOKUP(D251,'Spec_Single_H&S'!B:B,'Spec_Single_H&S'!F:F), IFERROR(XLOOKUP(D251,#REF!,#REF!),"")) | L251: =IF(AND(NOT(ISBLANK(I251)),I251>=J251,I251<=K251),"적합",IF(ISBLANK(I251),"", "부적합"))
E252: =IF(D252="","",IF(B252="Silicone", "SL" & IF(C252="Black","B",IF(C252="White","W",IF(C252="Blue","U",IF(C252="Green","G",IF(C252="Yellow","Y",IF(C252="Red","R",IF(C252="Pink","P",""))))))) & TEXT(A252,"yymmdd") & "01",IF(LEFT(D252,3)="NPL","NPL","PL") & IF(C252="Black","B",IF(C252="White","W",IF(C252="Blue","U",IF(C252="Green","G",IF(C252="Yellow","Y",IF(C252="Red","R",IF(C252="Pink","P",""))))))) & TEXT(A252,"yymmdd") & "01")) | H252: =IF(B252<>"Silicone","",IFERROR(XLOOKUP(D252,#REF!,#REF!),"")) | J252: =IFERROR(XLOOKUP(D252,'Spec_Single_H&S'!B:B,'Spec_Single_H&S'!E:E), IFERROR(XLOOKUP(D252,#REF!,#REF!),"")) | K252: =IFERROR(XLOOKUP(D252,'Spec_Single_H&S'!B:B,'Spec_Single_H&S'!F:F), IFERROR(XLOOKUP(D252,#REF!,#REF!),"")) | L252: =IF(AND(NOT(ISBLANK(I252)),I252>=J252,I252<=K252),"적합",IF(ISBLANK(I252),"", "부적합"))
E253: =IF(D253="","",IF(B253="Silicone", "SL" & IF(C253="Black","B",IF(C253="White","W",IF(C253="Blue","U",IF(C253="Green","G",IF(C253="Yellow","Y",IF(C253="Red","R",IF(C253="Pink","P",""))))))) & TEXT(A253,"yymmdd") & "01",IF(LEFT(D253,3)="NPL","NPL","PL") & IF(C253="Black","B",IF(C253="White","W",IF(C253="Blue","U",IF(C253="Green","G",IF(C253="Yellow","Y",IF(C253="Red","R",IF(C253="Pink","P",""))))))) & TEXT(A253,"yymmdd") & "01")) | H253: =IF(B253<>"Silicone","",IFERROR(XLOOKUP(D253,#REF!,#REF!),"")) | J253: =IFERROR(XLOOKUP(D253,'Spec_Single_H&S'!B:B,'Spec_Single_H&S'!E:E), IFERROR(XLOOKUP(D253,#REF!,#REF!),"")) | K253: =IFERROR(XLOOKUP(D253,'Spec_Single_H&S'!B:B,'Spec_Single_H&S'!F:F), IFERROR(XLOOKUP(D253,#REF!,#REF!),"")) | L253: =IF(AND(NOT(ISBLANK(I253)),I253>=J253,I253<=K253),"적합",IF(ISBLANK(I253),"", "부적합"))
E254: =IF(D254="","",IF(B254="Silicone", "SL" & IF(C254="Black","B",IF(C254="White","W",IF(C254="Blue","U",IF(C254="Green","G",IF(C254="Yellow","Y",IF(C254="Red","R",IF(C254="Pink","P",""))))))) & TEXT(A254,"yymmdd") & "01",IF(LEFT(D254,3)="NPL","NPL","PL") & IF(C254="Black","B",IF(C254="White","W",IF(C254="Blue","U",IF(C254="Green","G",IF(C254="Yellow","Y",IF(C254="Red","R",IF(C254="Pink","P",""))))))) & TEXT(A254,"yymmdd") & "01")) | H254: =IF(B254<>"Silicone","",IFERROR(XLOOKUP(D254,#REF!,#REF!),"")) | J254: =IFERROR(XLOOKUP(D254,'Spec_Single_H&S'!B:B,'Spec_Single_H&S'!E:E), IFERROR(XLOOKUP(D254,#REF!,#REF!),"")) | K254: =IFERROR(XLOOKUP(D254,'Spec_Single_H&S'!B:B,'Spec_Single_H&S'!F:F), IFERROR(XLOOKUP(D254,#REF!,#REF!),"")) | L254: =IF(AND(NOT(ISBLANK(I254)),I254>=J254,I254<=K254),"적합",IF(ISBLANK(I254),"", "부적합"))
E255: =IF(D255="","",IF(B255="Silicone", "SL" & IF(C255="Black","B",IF(C255="White","W",IF(C255="Blue","U",IF(C255="Green","G",IF(C255="Yellow","Y",IF(C255="Red","R",IF(C255="Pink","P",""))))))) & TEXT(A255,"yymmdd") & "01",IF(LEFT(D255,3)="NPL","NPL","PL") & IF(C255="Black","B",IF(C255="White","W",IF(C255="Blue","U",IF(C255="Green","G",IF(C255="Yellow","Y",IF(C255="Red","R",IF(C255="Pink","P",""))))))) & TEXT(A255,"yymmdd") & "01")) | H255: =IF(B255<>"Silicone","",IFERROR(XLOOKUP(D255,#REF!,#REF!),"")) | J255: =IFERROR(XLOOKUP(D255,'Spec_Single_H&S'!B:B,'Spec_Single_H&S'!E:E), IFERROR(XLOOKUP(D255,#REF!,#REF!),"")) | K255: =IFERROR(XLOOKUP(D255,'Spec_Single_H&S'!B:B,'Spec_Single_H&S'!F:F), IFERROR(XLOOKUP(D255,#REF!,#REF!),"")) | L255: =IF(AND(NOT(ISBLANK(I255)),I255>=J255,I255<=K255),"적합",IF(ISBLANK(I255),"", "부적합"))
E256: =IF(D256="","",IF(B256="Silicone", "SL" & IF(C256="Black","B",IF(C256="White","W",IF(C256="Blue","U",IF(C256="Green","G",IF(C256="Yellow","Y",IF(C256="Red","R",IF(C256="Pink","P",""))))))) & TEXT(A256,"yymmdd") & "01",IF(LEFT(D256,3)="NPL","NPL","PL") & IF(C256="Black","B",IF(C256="White","W",IF(C256="Blue","U",IF(C256="Green","G",IF(C256="Yellow","Y",IF(C256="Red","R",IF(C256="Pink","P",""))))))) & TEXT(A256,"yymmdd") & "01")) | H256: =IF(B256<>"Silicone","",IFERROR(XLOOKUP(D256,#REF!,#REF!),"")) | J256: =IFERROR(XLOOKUP(D256,'Spec_Single_H&S'!B:B,'Spec_Single_H&S'!E:E), IFERROR(XLOOKUP(D256,#REF!,#REF!),"")) | K256: =IFERROR(XLOOKUP(D256,'Spec_Single_H&S'!B:B,'Spec_Single_H&S'!F:F), IFERROR(XLOOKUP(D256,#REF!,#REF!),"")) | L256: =IF(AND(NOT(ISBLANK(I256)),I256>=J256,I256<=K256),"적합",IF(ISBLANK(I256),"", "부적합"))
E257: =IF(D257="","",IF(B257="Silicone", "SL" & IF(C257="Black","B",IF(C257="White","W",IF(C257="Blue","U",IF(C257="Green","G",IF(C257="Yellow","Y",IF(C257="Red","R",IF(C257="Pink","P",""))))))) & TEXT(A257,"yymmdd") & "01",IF(LEFT(D257,3)="NPL","NPL","PL") & IF(C257="Black","B",IF(C257="White","W",IF(C257="Blue","U",IF(C257="Green","G",IF(C257="Yellow","Y",IF(C257="Red","R",IF(C257="Pink","P",""))))))) & TEXT(A257,"yymmdd") & "01")) | H257: =IF(B257<>"Silicone","",IFERROR(XLOOKUP(D257,#REF!,#REF!),"")) | J257: =IFERROR(XLOOKUP(D257,'Spec_Single_H&S'!B:B,'Spec_Single_H&S'!E:E), IFERROR(XLOOKUP(D257,#REF!,#REF!),"")) | K257: =IFERROR(XLOOKUP(D257,'Spec_Single_H&S'!B:B,'Spec_Single_H&S'!F:F), IFERROR(XLOOKUP(D257,#REF!,#REF!),"")) | L257: =IF(AND(NOT(ISBLANK(I257)),I257>=J257,I257<=K257),"적합",IF(ISBLANK(I257),"", "부적합"))
E258: =IF(D258="","",IF(B258="Silicone", "SL" & IF(C258="Black","B",IF(C258="White","W",IF(C258="Blue","U",IF(C258="Green","G",IF(C258="Yellow","Y",IF(C258="Red","R",IF(C258="Pink","P",""))))))) & TEXT(A258,"yymmdd") & "01",IF(LEFT(D258,3)="NPL","NPL","PL") & IF(C258="Black","B",IF(C258="White","W",IF(C258="Blue","U",IF(C258="Green","G",IF(C258="Yellow","Y",IF(C258="Red","R",IF(C258="Pink","P",""))))))) & TEXT(A258,"yymmdd") & "01")) | H258: =IF(B258<>"Silicone","",IFERROR(XLOOKUP(D258,#REF!,#REF!),"")) | J258: =IFERROR(XLOOKUP(D258,'Spec_Single_H&S'!B:B,'Spec_Single_H&S'!E:E), IFERROR(XLOOKUP(D258,#REF!,#REF!),"")) | K258: =IFERROR(XLOOKUP(D258,'Spec_Single_H&S'!B:B,'Spec_Single_H&S'!F:F), IFERROR(XLOOKUP(D258,#REF!,#REF!),"")) | L258: =IF(AND(NOT(ISBLANK(I258)),I258>=J258,I258<=K258),"적합",IF(ISBLANK(I258),"", "부적합"))
E259: =IF(D259="","",IF(B259="Silicone", "SL" & IF(C259="Black","B",IF(C259="White","W",IF(C259="Blue","U",IF(C259="Green","G",IF(C259="Yellow","Y",IF(C259="Red","R",IF(C259="Pink","P",""))))))) & TEXT(A259,"yymmdd") & "01",IF(LEFT(D259,3)="NPL","NPL","PL") & IF(C259="Black","B",IF(C259="White","W",IF(C259="Blue","U",IF(C259="Green","G",IF(C259="Yellow","Y",IF(C259="Red","R",IF(C259="Pink","P",""))))))) & TEXT(A259,"yymmdd") & "01")) | H259: =IF(B259<>"Silicone","",IFERROR(XLOOKUP(D259,#REF!,#REF!),"")) | J259: =IFERROR(XLOOKUP(D259,'Spec_Single_H&S'!B:B,'Spec_Single_H&S'!E:E), IFERROR(XLOOKUP(D259,#REF!,#REF!),"")) | K259: =IFERROR(XLOOKUP(D259,'Spec_Single_H&S'!B:B,'Spec_Single_H&S'!F:F), IFERROR(XLOOKUP(D259,#REF!,#REF!),"")) | L259: =IF(AND(NOT(ISBLANK(I259)),I259>=J259,I259<=K259),"적합",IF(ISBLANK(I259),"", "부적합"))
E260: =IF(D260="","",IF(B260="Silicone", "SL" & IF(C260="Black","B",IF(C260="White","W",IF(C260="Blue","U",IF(C260="Green","G",IF(C260="Yellow","Y",IF(C260="Red","R",IF(C260="Pink","P",""))))))) & TEXT(A260,"yymmdd") & "01",IF(LEFT(D260,3)="NPL","NPL","PL") & IF(C260="Black","B",IF(C260="White","W",IF(C260="Blue","U",IF(C260="Green","G",IF(C260="Yellow","Y",IF(C260="Red","R",IF(C260="Pink","P",""))))))) & TEXT(A260,"yymmdd") & "01")) | H260: =IF(B260<>"Silicone","",IFERROR(XLOOKUP(D260,#REF!,#REF!),"")) | J260: =IFERROR(XLOOKUP(D260,'Spec_Single_H&S'!B:B,'Spec_Single_H&S'!E:E), IFERROR(XLOOKUP(D260,#REF!,#REF!),"")) | K260: =IFERROR(XLOOKUP(D260,'Spec_Single_H&S'!B:B,'Spec_Single_H&S'!F:F), IFERROR(XLOOKUP(D260,#REF!,#REF!),"")) | L260: =IF(AND(NOT(ISBLANK(I260)),I260>=J260,I260<=K260),"적합",IF(ISBLANK(I260),"", "부적합"))
E261: =IF(D261="","",IF(B261="Silicone", "SL" & IF(C261="Black","B",IF(C261="White","W",IF(C261="Blue","U",IF(C261="Green","G",IF(C261="Yellow","Y",IF(C261="Red","R",IF(C261="Pink","P",""))))))) & TEXT(A261,"yymmdd") & "01",IF(LEFT(D261,3)="NPL","NPL","PL") & IF(C261="Black","B",IF(C261="White","W",IF(C261="Blue","U",IF(C261="Green","G",IF(C261="Yellow","Y",IF(C261="Red","R",IF(C261="Pink","P",""))))))) & TEXT(A261,"yymmdd") & "01")) | H261: =IF(B261<>"Silicone","",IFERROR(XLOOKUP(D261,#REF!,#REF!),"")) | J261: =IFERROR(XLOOKUP(D261,'Spec_Single_H&S'!B:B,'Spec_Single_H&S'!E:E), IFERROR(XLOOKUP(D261,#REF!,#REF!),"")) | K261: =IFERROR(XLOOKUP(D261,'Spec_Single_H&S'!B:B,'Spec_Single_H&S'!F:F), IFERROR(XLOOKUP(D261,#REF!,#REF!),"")) | L261: =IF(AND(NOT(ISBLANK(I261)),I261>=J261,I261<=K261),"적합",IF(ISBLANK(I261),"", "부적합"))
E262: =IF(D262="","",IF(B262="Silicone", "SL" & IF(C262="Black","B",IF(C262="White","W",IF(C262="Blue","U",IF(C262="Green","G",IF(C262="Yellow","Y",IF(C262="Red","R",IF(C262="Pink","P",""))))))) & TEXT(A262,"yymmdd") & "01",IF(LEFT(D262,3)="NPL","NPL","PL") & IF(C262="Black","B",IF(C262="White","W",IF(C262="Blue","U",IF(C262="Green","G",IF(C262="Yellow","Y",IF(C262="Red","R",IF(C262="Pink","P",""))))))) & TEXT(A262,"yymmdd") & "01")) | H262: =IF(B262<>"Silicone","",IFERROR(XLOOKUP(D262,#REF!,#REF!),"")) | J262: =IFERROR(XLOOKUP(D262,'Spec_Single_H&S'!B:B,'Spec_Single_H&S'!E:E), IFERROR(XLOOKUP(D262,#REF!,#REF!),"")) | K262: =IFERROR(XLOOKUP(D262,'Spec_Single_H&S'!B:B,'Spec_Single_H&S'!F:F), IFERROR(XLOOKUP(D262,#REF!,#REF!),"")) | L262: =IF(AND(NOT(ISBLANK(I262)),I262>=J262,I262<=K262),"적합",IF(ISBLANK(I262),"", "부적합"))
... E911: =IF(D911="","",IF(B911="Silicone", "SL" & IF(C911="Black","B",IF(C911="White","W",IF(C911="Blue","U",IF(C911="Green","G",IF(C911="Yellow","Y",IF(C911="Red","R",IF(C911="Pink","P",""))))))) & TEXT(A911,"yymmdd") & "01",IF(LEFT(D911,3)="NPL","NPL","PL") & IF(C911="Black","B",IF(C911="White","W",IF(C911="Blue","U",IF(C911="Green","G",IF(C911="Yellow","Y",IF(C911="Red","R",IF(C911="Pink","P",""))))))) & TEXT(A911,"yymmdd") & "01")) | H911: =IF(B911<>"Silicone","",IFERROR(XLOOKUP(D911,#REF!,#REF!),"")) | J911: =IFERROR(XLOOKUP(D911,'Spec_Single_H&S'!B:B,'Spec_Single_H&S'!E:E), IFERROR(XLOOKUP(D911,#REF!,#REF!),"")) | K911: =IFERROR(XLOOKUP(D911,'Spec_Single_H&S'!B:B,'Spec_Single_H&S'!F:F), IFERROR(XLOOKUP(D911,#REF!,#REF!),"")) | L911: =IF(AND(NOT(ISBLANK(I911)),I911>=J911,I911<=K911),"적합",IF(ISBLANK(I911),"", "부적합"))
H912: =IF(B912<>"Silicone","",IFERROR(XLOOKUP(D912,#REF!,#REF!),"")) | J912: =IFERROR(XLOOKUP(D912,'Spec_Single_H&S'!B:B,'Spec_Single_H&S'!E:E), IFERROR(XLOOKUP(D912,#REF!,#REF!),"")) | K912: =IFERROR(XLOOKUP(D912,'Spec_Single_H&S'!B:B,'Spec_Single_H&S'!F:F), IFERROR(XLOOKUP(D912,#REF!,#REF!),"")) | L912: =IF(AND(NOT(ISBLANK(I912)),I912>=J912,I912<=K912),"적합",IF(ISBLANK(I912),"", "부적합"))
H913: =IF(B913<>"Silicone","",IFERROR(XLOOKUP(D913,#REF!,#REF!),"")) | J913: =IFERROR(XLOOKUP(D913,'Spec_Single_H&S'!B:B,'Spec_Single_H&S'!E:E), IFERROR(XLOOKUP(D913,#REF!,#REF!),"")) | K913: =IFERROR(XLOOKUP(D913,'Spec_Single_H&S'!B:B,'Spec_Single_H&S'!F:F), IFERROR(XLOOKUP(D913,#REF!,#REF!),"")) | L913: =IF(AND(NOT(ISBLANK(I913)),I913>=J913,I913<=K913),"적합",IF(ISBLANK(I913),"", "부적합"))
H914: =IF(B914<>"Silicone","",IFERROR(XLOOKUP(D914,#REF!,#REF!),"")) | J914: =IFERROR(XLOOKUP(D914,'Spec_Single_H&S'!B:B,'Spec_Single_H&S'!E:E), IFERROR(XLOOKUP(D914,#REF!,#REF!),"")) | K914: =IFERROR(XLOOKUP(D914,'Spec_Single_H&S'!B:B,'Spec_Single_H&S'!F:F), IFERROR(XLOOKUP(D914,#REF!,#REF!),"")) | L914: =IF(AND(NOT(ISBLANK(I914)),I914>=J914,I914<=K914),"적합",IF(ISBLANK(I914),"", "부적합"))
H915: =IF(B915<>"Silicone","",IFERROR(XLOOKUP(D915,#REF!,#REF!),"")) | J915: =IFERROR(XLOOKUP(D915,'Spec_Single_H&S'!B:B,'Spec_Single_H&S'!E:E), IFERROR(XLOOKUP(D915,#REF!,#REF!),"")) | K915: =IFERROR(XLOOKUP(D915,'Spec_Single_H&S'!B:B,'Spec_Single_H&S'!F:F), IFERROR(XLOOKUP(D915,#REF!,#REF!),"")) | L915: =IF(AND(NOT(ISBLANK(I915)),I915>=J915,I915<=K915),"적합",IF(ISBLANK(I915),"", "부적합"))
H916: =IF(B916<>"Silicone","",IFERROR(XLOOKUP(D916,#REF!,#REF!),"")) | J916: =IFERROR(XLOOKUP(D916,'Spec_Single_H&S'!B:B,'Spec_Single_H&S'!E:E), IFERROR(XLOOKUP(D916,#REF!,#REF!),"")) | K916: =IFERROR(XLOOKUP(D916,'Spec_Single_H&S'!B:B,'Spec_Single_H&S'!F:F), IFERROR(XLOOKUP(D916,#REF!,#REF!),"")) | L916: =IF(AND(NOT(ISBLANK(I916)),I916>=J916,I916<=K916),"적합",IF(ISBLANK(I916),"", "부적합"))
H917: =IF(B917<>"Silicone","",IFERROR(XLOOKUP(D917,#REF!,#REF!),"")) | J917: =IFERROR(XLOOKUP(D917,'Spec_Single_H&S'!B:B,'Spec_Single_H&S'!E:E), IFERROR(XLOOKUP(D917,#REF!,#REF!),"")) | K917: =IFERROR(XLOOKUP(D917,'Spec_Single_H&S'!B:B,'Spec_Single_H&S'!F:F), IFERROR(XLOOKUP(D917,#REF!,#REF!),"")) | L917: =IF(AND(NOT(ISBLANK(I917)),I917>=J917,I917<=K917),"적합",IF(ISBLANK(I917),"", "부적합"))
H918: =IF(B918<>"Silicone","",IFERROR(XLOOKUP(D918,#REF!,#REF!),"")) | J918: =IFERROR(XLOOKUP(D918,'Spec_Single_H&S'!B:B,'Spec_Single_H&S'!E:E), IFERROR(XLOOKUP(D918,#REF!,#REF!),"")) | K918: =IFERROR(XLOOKUP(D918,'Spec_Single_H&S'!B:B,'Spec_Single_H&S'!F:F), IFERROR(XLOOKUP(D918,#REF!,#REF!),"")) | L918: =IF(AND(NOT(ISBLANK(I918)),I918>=J918,I918<=K918),"적합",IF(ISBLANK(I918),"", "부적합"))
H919: =IF(B919<>"Silicone","",IFERROR(XLOOKUP(D919,#REF!,#REF!),"")) | J919: =IFERROR(XLOOKUP(D919,'Spec_Single_H&S'!B:B,'Spec_Single_H&S'!E:E), IFERROR(XLOOKUP(D919,#REF!,#REF!),"")) | K919: =IFERROR(XLOOKUP(D919,'Spec_Single_H&S'!B:B,'Spec_Single_H&S'!F:F), IFERROR(XLOOKUP(D919,#REF!,#REF!),"")) | L919: =IF(AND(NOT(ISBLANK(I919)),I919>=J919,I919<=K919),"적합",IF(ISBLANK(I919),"", "부적합"))
...

Sheet 제품코드목록
A1: 제품코드
A2: NPL-135
A3: NPL-150-2
A4: NPL-345-3
A5: NPL-580-2
A6: NPL-700-2
A7: NPL-735
A8: NPL-835-1
A9: NSL-150
A10: NSL-345
A11: NSL-550
A12: NSL-700-1
... A40: SL-850
